Customer ID,Recency,Frequency,Monetary
12346.0,326,12,77556.46
12347.0,2,8,4921.53
12348.0,75,5,2019.3999999999999
12349.0,19,4,4428.69
12350.0,310,1,334.4
12351.0,375,1,300.93
12352.0,36,10,2849.84
12353.0,204,2,406.76
12354.0,232,1,1079.4
12355.0,214,2,947.61
12356.0,23,6,6371.73
12357.0,33,3,18287.66
12358.0,2,5,3887.07
12359.0,58,10,8873.39
12360.0,52,8,4252.89
12361.0,287,4,511.25
12362.0,3,11,5356.2300000000005
12363.0,110,2,552.0
12364.0,8,4,1313.1
12365.0,291,2,641.38
12366.0,634,1,500.24
12367.0,4,1,168.9
12368.0,628,1,917.7
12369.0,413,3,1791.15
12370.0,51,7,4316.56
12371.0,45,5,4067.38
12372.0,72,3,1298.04
12373.0,311,3,1127.65
12374.0,25,4,2989.2200000000003
12375.0,11,2,457.5
12376.0,390,2,503.15
12377.0,315,4,3426.32
12378.0,130,2,5416.32
12379.0,82,4,1620.22
12380.0,22,11,9676.3
12381.0,5,5,1845.31
12383.0,185,5,1850.56
12384.0,29,2,585.27
12385.0,379,1,1938.4
12386.0,338,2,401.9
12387.0,415,1,143.94
12388.0,16,8,3901.11
12389.0,403,3,1433.33
12390.0,80,1,549.84
12391.0,22,6,2724.84
12392.0,591,1,234.75000000000003
12393.0,72,6,2399.45
12394.0,64,2,1272.48
12395.0,19,15,4721.17
12396.0,674,1,931.43
12397.0,36,2,2409.9
12398.0,46,1,1635.6599999999999
12399.0,119,7,1962.3
12400.0,414,1,205.25
12401.0,303,1,84.3
12402.0,323,6,1256.9
12403.0,50,2,1019.36
12404.0,682,1,63.24
12405.0,149,1,1710.39
12406.0,22,5,6390.36
12407.0,50,5,1708.12
12408.0,33,8,4340.77
12409.0,79,7,23419.29
12410.0,309,3,1013.71
12411.0,410,1,346.9
12412.0,75,6,2596.93
12413.0,67,4,999.45
12414.0,217,6,952.41
12415.0,24,28,144458.37
12416.0,657,1,202.56
12417.0,3,20,6797.41
12418.0,113,4,2021.2
12419.0,386,2,503.01
12420.0,64,1,600.39
12421.0,16,6,1098.6
12422.0,96,17,5231.8
12423.0,1,10,2622.39
12424.0,163,4,3340.0299999999997
12425.0,78,2,1741.41
12426.0,195,2,1345.21
12427.0,22,3,825.8
12428.0,26,9,7956.46
12429.0,9,8,6204.41
12430.0,43,1,256.4
12431.0,36,27,10432.22
12432.0,43,5,5059.32
12433.0,1,10,16794.14
12434.0,85,3,1103.43
12435.0,80,6,13925.93
12436.0,100,1,509.01
12437.0,2,39,12683.4
12438.0,14,2,2906.85
12439.0,683,2,1142.88
12440.0,462,2,859.2
12441.0,367,1,173.55
12442.0,3,1,172.06
12443.0,732,1,485.31
12444.0,21,5,5005.46
12445.0,22,2,434.98
12446.0,58,1,1002.3100000000001
12447.0,243,1,476.49
12448.0,44,1,449.45
12449.0,22,6,4835.89
12450.0,156,5,688.2
12451.0,11,8,12669.88
12452.0,17,2,430.57
12453.0,134,1,707.09
12454.0,56,5,16679.78
12455.0,73,10,5879.95
12456.0,44,3,3181.04
12457.0,66,8,2995.91
12458.0,71,4,1777.49
12459.0,605,1,454.36
12460.0,456,1,326.65
12461.0,94,2,826.88
12462.0,19,2,1189.59
12463.0,53,4,1344.78
12464.0,10,8,1212.05
12465.0,17,2,742.1899999999999
12466.0,682,1,56.73
12467.0,423,1,132.8
12468.0,188,5,3670.74
12469.0,523,2,3070.54
12470.0,690,1,211.95
12471.0,2,79,39918.19
12472.0,32,19,16249.289999999999
12473.0,29,5,3928.0499999999997
12474.0,17,31,12372.75
12475.0,54,2,1149.6399999999999
12476.0,16,23,14083.91
12477.0,23,9,20276.37
12478.0,4,1,680.99
12479.0,11,1,527.2
12480.0,28,7,5464.85
12481.0,23,15,12185.51
12482.0,576,29,23691.4
12483.0,17,19,5097.18
12484.0,33,12,6354.1
12485.0,529,1,708.1
12486.0,432,1,1037.28
12487.0,731,1,285.3
12488.0,10,3,1298.66
12489.0,336,1,334.93
12490.0,5,21,9823.64
12491.0,39,1,460.40000000000003
12492.0,63,3,715.21
12493.0,166,2,433.74
12494.0,16,9,1815.27
12495.0,641,1,357.4
12496.0,620,2,45.34
12497.0,82,3,6248.5
12498.0,21,3,403.70000000000005
12499.0,560,1,393.71999999999997
12500.0,23,19,5955.21
12501.0,337,1,2169.39
12502.0,96,5,3723.87
12503.0,584,1,1126.0
12504.0,18,4,779.05
12505.0,409,1,955.2
12506.0,233,1,73.5
12507.0,134,4,1844.06
12508.0,26,2,397.88
12509.0,284,1,176.5
12510.0,143,9,5178.02
12511.0,429,1,3084.02
12512.0,66,2,132.18
12513.0,113,1,612.29
12514.0,267,2,1597.76
12515.0,353,1,383.7
12516.0,78,4,2648.62
12517.0,28,5,2481.6
12518.0,1,5,2056.89
12519.0,64,2,716.54
12520.0,79,5,2634.2599999999998
12521.0,143,1,599.68
12522.0,39,2,192.72
12523.0,19,23,4352.35
12524.0,9,17,11126.11
12525.0,498,3,973.73
12526.0,1,3,1316.66
12527.0,82,5,735.51
12528.0,9,6,1933.48
12529.0,528,1,316.48
12530.0,60,9,3759.26
12531.0,15,2,1933.2
12532.0,30,1,349.83000000000004
12533.0,628,2,1367.89
12534.0,131,1,1089.18
12535.0,92,2,716.35
12536.0,43,3,12601.830000000002
12537.0,409,1,732.94
12538.0,29,2,640.45
12539.0,22,7,11214.75
12540.0,20,33,22254.49
12541.0,30,3,981.18
12542.0,484,2,481.88
12543.0,448,1,980.25
12544.0,36,1,372.7
12545.0,75,2,1000.39
12546.0,47,2,1161.5
12547.0,198,3,383.58
12548.0,166,1,95.19999999999999
12549.0,576,6,1575.68
12550.0,79,1,964.83
12551.0,358,1,168.0
12552.0,39,2,437.82
12553.0,8,12,4608.75
12554.0,449,1,468.5
12555.0,682,1,129.23
12556.0,50,2,599.56
12557.0,16,8,18096.14
12558.0,8,1,269.96
12559.0,311,2,561.71
12560.0,5,3,2134.0099999999998
12561.0,303,1,238.85
12562.0,8,9,4966.92
12563.0,409,1,249.24
12564.0,261,1,456.9
12565.0,289,1,145.92
12566.0,86,1,351.65
12567.0,23,15,11767.48
12568.0,645,1,70.0
12569.0,2,32,4124.69
12570.0,682,1,77.52
12571.0,40,2,519.61
12572.0,9,2,1020.4200000000001
12573.0,227,5,717.41
12574.0,316,1,218.45000000000002
12575.0,457,2,622.82
12576.0,36,8,2142.72
12577.0,35,8,1617.1
12578.0,21,4,4642.45
12579.0,78,1,440.42
12580.0,247,2,1052.9
12581.0,40,1,197.71
12582.0,239,4,1980.4
12583.0,3,27,13591.58
12584.0,4,9,2338.15
12585.0,234,2,2040.1
12586.0,17,4,2062.67
12587.0,8,1,144.0
12588.0,39,4,958.78
12589.0,29,8,4695.66
12590.0,211,2,9864.26
12591.0,317,3,1338.95
12592.0,92,5,2582.66
12593.0,109,3,418.09999999999997
12594.0,38,15,5090.11
12595.0,505,1,299.02
12596.0,51,2,618.27
12597.0,19,4,3811.22
12598.0,10,11,4534.09
12599.0,29,13,2296.72
12600.0,29,21,4967.42
12601.0,190,6,681.26
12602.0,59,1,153.12
12603.0,22,1,739.1999999999999
12604.0,79,2,254.18
12605.0,376,4,1232.95
12606.0,682,1,21.0
12607.0,60,1,1579.51
12608.0,405,1,415.79
12609.0,78,9,3435.86
12610.0,23,5,2099.54
12611.0,52,1,1193.32
12612.0,74,1,704.04
12613.0,57,10,6817.37
12614.0,278,1,315.6
12615.0,2,8,5740.98
12616.0,95,3,1131.1
12617.0,29,1,352.98
12618.0,22,1,177.31
12619.0,16,10,3781.38
12620.0,15,3,1339.41
12621.0,2,35,24311.2
12622.0,232,1,180.1
12623.0,276,7,3747.84
12624.0,106,2,641.13
12625.0,212,4,5164.88
12626.0,23,9,6620.48
12627.0,11,7,4478.53
12628.0,4,3,786.46
12629.0,386,2,1558.22
12630.0,10,2,1270.88
12631.0,57,6,3481.57
12632.0,521,2,804.88
12633.0,59,7,5678.16
12634.0,536,2,490.0
12635.0,90,4,2930.41
12636.0,739,1,141.0
12637.0,67,12,8283.81
12638.0,33,2,921.49
12639.0,239,3,1312.3700000000001
12640.0,24,3,1174.58
12641.0,115,1,185.9
12642.0,25,3,1013.26
12643.0,128,12,8304.82
12644.0,130,4,1918.49
12645.0,34,8,3539.3
12646.0,5,2,1346.97
12647.0,22,36,16955.55
12648.0,155,4,1112.0
12649.0,107,8,2294.65
12650.0,3,1,314.44
12651.0,335,4,377.75
12652.0,331,2,1017.03
12653.0,149,3,4160.83
12654.0,11,5,601.98
12655.0,424,1,261.35
12656.0,17,8,6407.83
12657.0,11,4,1643.18
12658.0,19,1,686.05
12659.0,30,1,91.68
12660.0,11,1,245.1
12661.0,436,1,162.0
12662.0,1,20,6726.54
12663.0,625,2,239.4
12664.0,8,11,6070.04
12665.0,325,3,313.6
12666.0,394,1,1248.42
12667.0,58,1,620.13
12668.0,12,10,11383.03
12669.0,151,3,2744.0299999999997
12670.0,10,7,3760.29
12671.0,606,1,2622.481
12672.0,330,2,437.05
12673.0,5,3,1230.02
12674.0,39,4,1970.6
12675.0,554,2,957.25
12676.0,25,11,2843.09
12677.0,555,2,395.1
12678.0,42,21,34281.18
12679.0,59,4,1113.02
12680.0,1,4,880.81
12681.0,15,45,29834.76
12682.0,4,52,22950.22
12683.0,4,21,11633.7
12684.0,8,7,2283.63
12685.0,28,6,2863.08
12686.0,372,1,89.14
12687.0,481,2,2138.91
12688.0,114,1,4873.8099999999995
12689.0,26,2,1247.61
12690.0,206,1,389.01
12691.0,28,7,1170.4
12692.0,637,1,110.95
12693.0,127,7,1703.02
12694.0,70,3,1843.35
12695.0,7,7,1407.1200000000001
12696.0,435,2,851.91
12697.0,29,3,957.59
12698.0,590,1,339.75
12699.0,418,1,638.11
12700.0,8,4,4939.99
12701.0,80,6,2446.41
12702.0,20,1,219.0
12703.0,71,4,1006.53
12704.0,7,8,2340.84
12705.0,15,14,11762.1
12707.0,292,1,603.42
12708.0,30,18,5117.66
12709.0,15,34,30291.76
12710.0,97,3,1149.02
12711.0,612,2,1339.05
12712.0,29,21,6723.03
12713.0,1,1,848.55
12714.0,9,12,14093.710000000001
12715.0,106,1,343.36
12716.0,4,2,1053.49
12717.0,151,3,1308.91
12718.0,71,1,238.25
12719.0,5,2,644.95
12720.0,3,30,7787.28
12721.0,32,8,4013.08
12722.0,85,4,997.63
12723.0,4,5,725.07
12724.0,5,7,2317.52
12725.0,371,4,2266.76
12726.0,28,11,4014.6
12727.0,11,10,5679.53
12728.0,71,5,1070.17
12729.0,114,1,453.01
12730.0,522,1,829.25
12731.0,24,17,25775.71
12732.0,180,1,236.26000000000002
12733.0,234,4,2424.87
12734.0,353,3,639.65
12735.0,315,2,779.5699999999999
12736.0,333,1,234.0
12737.0,499,2,3710.5
12738.0,372,1,155.35
12739.0,78,4,2726.73
12740.0,64,1,427.6
12741.0,529,2,406.07
12742.0,626,1,1201.52
12743.0,134,2,540.13
12744.0,52,11,25317.06
12745.0,487,3,925.41
12746.0,541,1,254.55
12747.0,2,26,8898.48
12748.0,1,336,53539.64
12749.0,4,9,6897.36
12750.0,129,1,275.88
12751.0,445,1,268.27
12752.0,81,1,4366.78
12753.0,23,6,21429.39
12754.0,236,3,3010.74
12755.0,281,11,5236.26
12756.0,87,1,112.08
12757.0,16,13,7834.650000000001
12758.0,117,7,9903.24
12759.0,52,8,5020.74
12760.0,456,1,347.8
12761.0,458,2,782.95
12762.0,8,2,1898.52
12763.0,138,2,494.08
12764.0,317,1,1693.88
12765.0,472,6,1404.58
12766.0,4,9,8918.99
12767.0,376,1,949.82
12768.0,451,1,168.69
12769.0,239,1,1143.6
12770.0,211,2,3246.45
12771.0,486,1,282.3
12772.0,60,1,892.47
12773.0,564,1,124.25
12774.0,536,1,98.7
12775.0,17,7,1686.1200000000001
12776.0,668,1,55.5
12777.0,458,1,519.45
12778.0,20,9,1775.6799999999998
12779.0,38,14,6474.11
12780.0,599,1,337.4
12781.0,64,2,826.74
12782.0,5,11,4618.24
12783.0,2,6,2225.91
12784.0,9,3,1763.15
12785.0,364,3,1100.4
12786.0,610,1,728.5
12787.0,10,4,862.18
12788.0,463,4,444.90000000000003
12789.0,65,3,273.35
12790.0,192,2,591.85
12791.0,374,6,863.51
12792.0,257,2,827.01
12793.0,335,3,885.53
12794.0,53,2,860.41
12795.0,19,1,430.48
12796.0,628,1,381.0
12797.0,366,2,552.08
12798.0,10,4,8510.93
12799.0,529,1,219.35
12800.0,470,3,584.25
12801.0,501,1,1071.82
12802.0,187,7,2416.42
12803.0,393,1,1092.81
12804.0,466,2,325.37
12805.0,382,4,1434.95
12806.0,435,4,2878.96
12807.0,383,1,330.34999999999997
12808.0,37,5,776.7
12809.0,178,3,1755.94
12810.0,535,2,534.99
12811.0,261,5,1033.9
12812.0,45,1,229.64000000000001
12813.0,502,3,1687.8
12814.0,102,1,125.92
12815.0,148,2,1063.46
12816.0,96,2,572.2
12817.0,281,3,690.98
12818.0,262,1,1542.08
12819.0,458,1,540.52
12820.0,3,11,2689.52
12821.0,214,2,220.8
12822.0,71,2,948.88
12823.0,75,18,6501.5
12824.0,60,1,397.12
12825.0,521,2,518.63
12826.0,3,12,2800.75
12827.0,6,3,430.15
12828.0,3,6,1018.71
12829.0,337,3,385.3
12830.0,38,6,6814.64
12831.0,262,3,451.11
12832.0,32,2,383.03000000000003
12833.0,145,1,417.38
12834.0,283,1,312.38
12835.0,428,41,5996.83
12836.0,59,15,6559.7300000000005
12837.0,173,2,662.66
12838.0,34,10,2975.91
12839.0,3,26,9669.12
12840.0,144,7,4041.97
12841.0,5,40,6958.2
12842.0,70,4,1917.99
12843.0,66,30,6583.36
12844.0,29,4,648.6
12845.0,267,4,354.09000000000003
12846.0,682,1,15.58
12847.0,22,2,1609.0
12848.0,676,1,208.0
12849.0,31,6,3042.4700000000003
12850.0,446,1,330.0
12851.0,97,2,280.76
12852.0,295,1,311.55
12853.0,135,11,3907.5
12854.0,79,7,2970.9700000000003
12855.0,373,4,612.84
12856.0,8,6,2170.78
12857.0,211,6,3688.0
12858.0,383,1,147.27
12859.0,459,1,575.1
12860.0,693,1,54.22
12861.0,620,1,68.25
12862.0,426,2,984.62
12863.0,52,6,2792.55
12864.0,138,2,299.57
12865.0,26,4,3323.47
12866.0,283,3,1227.35
12867.0,26,13,7829.26
12868.0,186,8,2043.76
12869.0,682,1,337.66999999999996
12870.0,375,3,1676.95
12871.0,84,3,744.02
12872.0,327,12,3283.96
12873.0,282,3,2027.3
12874.0,385,2,948.42
12875.0,143,5,1356.9900000000002
12876.0,58,4,4081.79
12877.0,4,20,2942.14
12878.0,236,2,854.99
12879.0,45,3,573.22
12880.0,382,2,640.13
12881.0,276,1,298.0
12882.0,9,2,1463.04
12883.0,25,4,703.47
12884.0,88,1,309.05
12885.0,63,3,1175.22
12886.0,68,2,1378.4
12887.0,384,1,222.4
12888.0,214,2,354.12
12889.0,381,4,385.46000000000004
12890.0,24,2,706.02
12891.0,186,11,840.5
12892.0,397,1,263.38
12893.0,31,1,176.55
12894.0,575,1,157.35
12895.0,42,2,372.8
12897.0,205,4,514.25
12898.0,464,2,296.21
12899.0,414,1,366.4
12900.0,422,1,340.33000000000004
12901.0,9,28,17654.54
12902.0,265,1,138.68
12903.0,429,1,833.5300000000001
12904.0,18,2,496.06
12905.0,577,2,1018.42
12906.0,12,5,2919.81
12907.0,396,2,508.91
12908.0,176,5,1776.0
12909.0,40,8,3103.19
12910.0,23,13,5796.52
12911.0,552,1,1651.72
12912.0,3,5,1662.3
12913.0,5,13,6283.24
12914.0,401,1,223.98
12915.0,149,4,975.1
12916.0,139,7,4479.73
12917.0,128,6,4359.2
12918.0,626,1,10953.5
12919.0,8,6,1335.19
12920.0,17,4,486.64
12921.0,9,74,35233.24
12922.0,161,1,405.38
12923.0,64,3,770.42
12924.0,88,12,2469.4
12925.0,5,3,729.3299999999999
12926.0,411,4,1523.97
12927.0,395,1,197.31
12928.0,35,12,4304.89
12929.0,312,1,117.85
12930.0,78,2,415.8
12931.0,22,57,92347.34
12932.0,539,8,1698.56
12933.0,24,8,1636.6299999999999
12934.0,737,1,181.65
12935.0,2,15,4243.86
12936.0,17,4,1063.9
12937.0,15,9,3097.61
12938.0,26,1,114.14
12939.0,64,20,25264.8
12940.0,55,2,899.69
12941.0,724,1,377.49
12942.0,131,3,675.6
12943.0,558,2,496.5
12944.0,36,2,604.51
12945.0,288,2,900.11
12946.0,437,1,324.45
12947.0,144,6,1603.99
12948.0,16,9,2317.43
12949.0,31,22,15526.7
12950.0,2,3,1843.0
12951.0,9,15,3213.7200000000003
12952.0,6,4,1387.79
12953.0,10,2,828.8100000000001
12954.0,639,1,162.45
12955.0,1,11,4757.16
12956.0,306,4,521.89
12957.0,10,13,8706.97
12958.0,400,2,467.34
12959.0,484,1,150.95
12960.0,414,4,1322.0700000000002
12961.0,379,1,211.99
12962.0,7,2,266.39
12963.0,8,12,3235.79
12964.0,437,1,132.24
12965.0,89,1,769.8100000000001
12966.0,10,1,160.18
12967.0,358,3,2938.52
12968.0,112,1,135.95
12969.0,603,1,122.45
12970.0,7,10,1453.6
12971.0,4,116,15704.6
12972.0,414,4,1161.2
12973.0,414,1,385.55
12974.0,198,2,408.95
12975.0,437,6,2100.09
12976.0,212,8,3156.38
12977.0,156,4,513.88
12978.0,385,5,2502.82
12979.0,729,1,517.7
12980.0,158,21,16245.78
12981.0,30,2,372.21999999999997
12982.0,243,8,2744.81
12983.0,598,1,490.08
12984.0,19,1,97.5
12985.0,1,2,1239.38
12986.0,429,10,2729.84
12987.0,74,5,1312.21
12988.0,292,1,505.82
12989.0,3,33,13551.75
12990.0,31,7,955.5
12991.0,23,3,764.82
12992.0,725,1,93.35
12993.0,23,8,1259.6299999999999
12994.0,4,3,974.42
12995.0,85,1,211.32
12996.0,376,1,355.5
12997.0,22,8,2110.91
12998.0,493,3,920.08
12999.0,196,3,455.88
13000.0,107,4,1032.5
13001.0,4,33,24042.65
13002.0,318,3,414.13
13003.0,106,3,149.05
13004.0,12,36,11650.85
13005.0,174,4,999.68
13006.0,56,1,81.57
13007.0,580,1,175.25
13008.0,323,3,612.13
13009.0,673,1,234.0
13010.0,374,2,330.12
13011.0,372,1,50.550000000000004
13012.0,9,11,2957.83
13013.0,1,29,11097.43
13014.0,11,11,5381.08
13015.0,53,11,6579.78
13016.0,73,3,789.89
13017.0,7,1,204.0
13018.0,16,35,9763.16
13019.0,379,6,1229.95
13020.0,563,2,618.96
13021.0,4,17,4887.24
13022.0,430,1,65.3
13023.0,64,3,1449.03
13024.0,471,2,555.87
13025.0,732,1,323.39
13026.0,1,9,1733.08
13027.0,114,19,17239.2
13028.0,23,2,661.3199999999999
13029.0,31,5,1927.3
13030.0,11,2,752.4399999999999
13031.0,407,5,3292.84
13032.0,52,9,2815.96
13033.0,357,2,220.55
13034.0,55,3,756.8199999999999
13035.0,74,3,1364.2
13036.0,685,1,307.1
13037.0,138,12,3914.95
13038.0,80,3,908.46
13039.0,584,4,1010.73
13040.0,9,2,676.99
13041.0,451,4,799.13
13042.0,598,3,1488.59
13043.0,273,1,516.42
13044.0,291,11,4848.05
13045.0,99,3,808.92
13046.0,31,3,949.25
13047.0,32,24,8428.53
13048.0,14,9,4049.13
13049.0,64,4,1408.24
13050.0,15,35,11986.52
13051.0,579,2,155.8
13052.0,212,7,3119.33
13053.0,622,1,127.65
13055.0,78,4,2321.11
13056.0,551,1,209.48
13057.0,530,3,709.59
13058.0,25,3,271.40000000000003
13059.0,250,10,2291.77
13060.0,254,1,307.53000000000003
13061.0,72,1,248.61
13062.0,191,1,346.98
13063.0,481,1,188.4
13064.0,13,6,1666.84
13065.0,373,5,1055.05
13066.0,24,2,470.8
13067.0,82,3,508.51
13068.0,10,2,344.0
13069.0,1,38,9284.45
13070.0,192,4,751.7
13071.0,612,1,129.22
13072.0,267,1,177.15
13073.0,411,2,418.08
13074.0,511,4,1378.74
13075.0,130,1,919.61
13076.0,458,1,135.4
13077.0,1,11,2740.65
13078.0,3,57,29018.06
13079.0,4,6,419.18
13080.0,179,4,280.73
13081.0,12,28,56838.37
13082.0,126,21,7335.75
13083.0,4,3,395.43
13084.0,492,1,122.39999999999999
13085.0,158,8,2433.28
13086.0,383,1,439.33000000000004
13087.0,726,1,313.64
13088.0,417,1,236.11
13089.0,3,203,113416.91
13090.0,9,24,13091.74
13091.0,28,3,2321.82
13092.0,71,12,2140.28
13093.0,276,55,54144.25
13094.0,21,13,2209.44
13095.0,71,1,74.39999999999999
13096.0,394,1,419.7000000000001
13097.0,33,28,13324.1
13098.0,1,28,28882.44
13099.0,99,1,207.36
13101.0,234,4,695.4
13102.0,1,37,11380.1
13103.0,40,3,709.64
13104.0,3,9,1709.1
13105.0,436,1,72.0
13106.0,133,2,603.46
13107.0,44,9,5253.07
13108.0,373,2,748.4599999999999
13109.0,60,3,1134.03
13110.0,31,12,2957.4700000000003
13111.0,719,1,321.88000000000005
13112.0,541,1,20.599999999999998
13113.0,1,37,18230.07
13114.0,731,1,234.38
13115.0,12,10,5494.7
13116.0,138,1,501.14
13117.0,22,18,2255.66
13118.0,20,9,2415.41
13119.0,669,1,134.9
13120.0,239,1,30.6
13121.0,269,1,283.73
13122.0,94,2,922.39
13123.0,473,2,506.75
13124.0,90,4,4641.66
13125.0,524,1,148.62
13126.0,5,13,3774.81
13127.0,78,1,259.17
13128.0,631,1,263.5
13129.0,452,2,233.25
13130.0,94,1,64.0
13131.0,23,7,3313.77
13132.0,262,1,77.3
13133.0,274,3,200.45
13134.0,86,6,2475.23
13135.0,197,2,3371.45
13136.0,56,13,6274.56
13137.0,11,16,7586.94
13138.0,22,7,1274.01
13139.0,16,8,8202.98
13140.0,108,5,1054.92
13141.0,85,17,7656.08
13142.0,19,1,307.09000000000003
13143.0,585,1,405.1
13144.0,333,2,135.35
13145.0,40,7,1128.52
13146.0,26,1,228.91
13147.0,10,4,712.8
13148.0,29,26,8497.82
13149.0,14,4,1676.06
13150.0,484,3,449.96999999999997
13151.0,296,3,2465.21
13152.0,417,7,2146.38
13153.0,6,1,486.22
13154.0,399,3,1624.84
13155.0,33,6,1370.48
13156.0,385,3,1586.54
13157.0,49,9,5687.36
13158.0,95,5,1508.18
13159.0,9,4,1429.35
13160.0,22,1,91.8
13161.0,313,2,472.13
13162.0,122,16,9275.49
13163.0,610,1,17.65
13164.0,569,2,372.2
13165.0,46,3,1451.1599999999999
13166.0,283,2,875.93
13167.0,19,5,1125.15
13168.0,36,5,1840.73
13169.0,64,3,840.08
13170.0,27,1,108.81
13171.0,22,3,468.41
13172.0,400,1,69.6
13173.0,4,11,2399.82
13174.0,16,12,7995.36
13175.0,582,2,831.45
13176.0,46,1,481.49
13177.0,65,2,512.2
13178.0,26,21,14059.19
13179.0,619,1,572.3100000000001
13180.0,607,1,86.10000000000001
13181.0,381,1,359.69
13182.0,45,1,121.18
13183.0,8,15,7036.18
13184.0,15,10,1668.95
13185.0,268,1,71.4
13186.0,40,3,1575.89
13187.0,337,4,341.36
13188.0,11,1,114.6
13189.0,19,2,260.68
13190.0,544,3,570.66
13191.0,658,1,164.69
13192.0,95,6,2558.58
13193.0,61,1,112.08
13194.0,136,2,472.78
13195.0,414,1,136.73
13196.0,11,7,3068.84
13197.0,610,1,373.01000000000005
13198.0,10,8,4974.2300000000005
13199.0,4,67,15964.210000000001
13200.0,19,4,870.09
13201.0,502,4,1233.06
13202.0,394,7,1580.3
13203.0,10,10,2648.25
13204.0,731,1,966.6600000000001
13205.0,443,1,2803.2
13206.0,400,13,8308.19
13207.0,15,4,535.86
13208.0,59,9,1976.3
13209.0,30,13,8509.51
13210.0,94,1,353.48
13211.0,10,10,2618.77
13212.0,20,3,786.83
13213.0,57,11,3851.52
13214.0,418,7,3264.23
13215.0,402,1,81.6
13216.0,268,1,333.74
13217.0,122,4,666.48
13218.0,127,1,62.63999999999999
13219.0,618,1,76.23
13220.0,78,5,1336.09
13221.0,240,2,847.41
13222.0,577,1,88.5
13223.0,200,6,969.12
13224.0,60,2,2155.95
13225.0,3,16,16260.07
13226.0,273,2,312.46
13227.0,202,1,257.7
13228.0,81,1,358.0
13229.0,226,1,160.95
13230.0,4,30,6120.01
13232.0,13,7,1328.35
13233.0,74,4,1176.46
13234.0,673,2,346.5
13235.0,212,1,1031.07
13236.0,25,2,744.85
13237.0,388,1,643.0
13238.0,17,6,1006.63
13239.0,262,5,1594.69
13240.0,96,8,1475.79
13241.0,412,1,112.53
13242.0,112,7,699.4
13243.0,203,5,1220.38
13244.0,93,1,121.74000000000001
13245.0,51,2,989.22
13246.0,18,11,3351.75
13247.0,18,4,501.12
13248.0,125,2,465.68
13249.0,92,9,1608.9299999999998
13250.0,461,2,253.09
13251.0,402,1,252.68
13252.0,394,2,399.3
13253.0,157,4,2951.11
13254.0,376,1,51.41
13255.0,9,3,678.76
13257.0,436,1,149.75
13258.0,12,5,1009.43
13259.0,62,9,1402.54
13260.0,61,1,557.62
13261.0,269,2,944.1
13262.0,263,3,573.45
13263.0,1,39,8676.2
13264.0,443,1,722.5600000000001
13265.0,53,5,2092.66
13266.0,11,19,6135.04
13267.0,3,36,9429.81
13268.0,18,11,3174.75
13269.0,1,28,8537.32
13270.0,366,1,590.0
13271.0,37,1,211.49
13272.0,31,2,276.56
13273.0,113,1,138.98
13274.0,409,1,360.85
13275.0,384,2,238.86
13276.0,64,5,1891.91
13277.0,16,7,523.3
13278.0,41,4,1435.85
13279.0,78,1,137.75
13280.0,122,7,2293.33
13281.0,439,1,350.85
13282.0,18,4,1313.19
13283.0,60,4,373.36
13284.0,331,1,201.19
13285.0,23,6,3364.59
13286.0,600,1,734.91
13287.0,603,3,781.59
13288.0,443,5,927.61
13289.0,724,1,307.95
13290.0,438,1,208.63
13291.0,156,11,3270.79
13292.0,39,5,994.51
13293.0,392,6,1192.94
13294.0,190,3,1689.53
13295.0,360,4,1101.97
13296.0,137,6,792.51
13297.0,8,7,4368.62
13298.0,1,1,360.0
13299.0,268,3,1218.7
13300.0,169,3,1285.51
13301.0,104,4,618.09
13302.0,155,2,159.2
13303.0,400,1,61.72
13304.0,351,4,1217.99
13305.0,4,16,3616.41
13306.0,430,1,53.65
13307.0,120,3,273.34
13308.0,23,4,1670.3700000000001
13309.0,7,6,1706.37
13310.0,28,5,1541.2
13311.0,4,2,598.57
13312.0,451,1,124.75
13313.0,22,12,3445.32
13314.0,2,3,775.94
13315.0,689,1,310.26000000000005
13316.0,37,10,12940.82
13317.0,66,19,6486.091
13318.0,1,3,640.76
13319.0,5,58,21323.22
13320.0,78,6,2211.6
13321.0,72,2,567.36
13322.0,17,1,199.48000000000002
13323.0,3,5,787.85
13324.0,36,18,10513.47
13325.0,82,1,675.3
13326.0,432,1,281.76
13327.0,39,20,9134.48
13328.0,316,1,1308.48
13329.0,32,8,4808.7699999999995
13330.0,93,6,2796.1
13331.0,402,1,262.4
13332.0,14,1,350.9
13333.0,411,3,1015.74
13334.0,82,5,6201.8
13336.0,77,1,795.12
13337.0,546,1,1575.26
13338.0,158,4,2445.62
13339.0,201,1,860.12
13340.0,45,12,22100.56
13341.0,261,1,775.85
13343.0,178,1,353.43
13344.0,68,3,2511.69
13345.0,288,1,389.5
13346.0,463,6,299.4
13347.0,70,1,341.35999999999996
13348.0,64,1,233.76000000000002
13349.0,11,1,247.32
13350.0,16,2,979.12
13351.0,66,1,373.94
13352.0,60,1,397.97999999999996
13354.0,71,1,743.53
13355.0,122,1,674.7
13356.0,80,1,768.24
13357.0,257,5,3805.51
13358.0,269,1,439.03
13359.0,64,2,1043.31
13360.0,432,4,1553.65
13361.0,472,2,1450.5
13362.0,9,7,5394.07
13363.0,18,3,1723.8600000000001
13364.0,71,1,134.96
13365.0,34,2,2225.37
13366.0,50,1,56.16
13367.0,432,1,510.2
13368.0,257,4,1121.5
13369.0,366,1,308.28000000000003
13370.0,372,1,754.87
13371.0,505,2,2297.66
13372.0,90,1,378.64
13373.0,61,6,7587.19
13374.0,415,2,422.8
13375.0,89,2,1792.23
13376.0,99,3,1019.76
13377.0,397,2,1552.88
13379.0,26,3,572.56
13380.0,433,1,62.4
13381.0,32,12,8224.37
13382.0,281,5,1387.58
13383.0,544,1,305.28000000000003
13384.0,31,11,6680.83
13385.0,330,1,534.57
13386.0,414,2,835.46
13387.0,417,1,186.94
13388.0,131,3,1185.65
13389.0,11,3,797.96
13390.0,75,1,544.08
13391.0,204,1,59.8
13392.0,677,1,91.14
13393.0,584,4,1131.45
13394.0,2,19,6621.7
13395.0,185,3,1180.23
13396.0,29,2,1360.99
13397.0,73,10,3191.87
13398.0,192,2,670.34
13399.0,464,3,275.4
13400.0,583,1,310.83
13402.0,127,4,1226.85
13403.0,18,3,229.5
13404.0,1,2,252.49
13405.0,74,6,1213.811
13406.0,427,2,568.92
13407.0,579,3,2244.7
13408.0,2,106,50174.782
13410.0,24,9,2201.96
13411.0,107,1,213.55
13412.0,620,1,487.35
13413.0,640,6,429.44
13414.0,134,6,2494.14
13415.0,473,4,784.17
13416.0,44,3,940.8000000000001
13417.0,5,6,1669.49
13418.0,12,31,11559.66
13419.0,64,1,221.06
13420.0,150,2,159.85
13421.0,40,8,4058.75
13422.0,64,1,2626.3
13423.0,429,1,217.03
13424.0,450,1,572.77
13425.0,108,5,3390.4300000000003
13426.0,1,22,8167.38
13427.0,19,6,1006.53
13428.0,10,3,478.54
13429.0,11,4,1006.8
13430.0,19,2,679.4499999999999
13431.0,67,8,3316.2400000000002
13432.0,571,2,439.1
13433.0,501,4,658.32
13434.0,74,5,1666.8600000000001
13435.0,5,9,4447.33
13436.0,2,1,196.89
13437.0,14,7,3408.06
13438.0,547,1,46.5
13439.0,255,3,986.61
13440.0,423,7,1295.25
13441.0,92,2,720.9
13442.0,667,3,419.87
13443.0,449,6,1273.16
13444.0,374,2,619.08
13445.0,626,1,241.89999999999998
13446.0,430,11,3881.89
13447.0,23,3,1129.14
13448.0,17,13,8745.93
13449.0,24,1,291.88
13450.0,27,13,4120.04
13451.0,26,11,7090.06
13452.0,259,3,729.8
13453.0,166,3,781.6899999999999
13454.0,641,1,219.87
13455.0,25,6,2212.9900000000002
13456.0,18,6,1766.72
13457.0,689,2,148.22
13458.0,7,16,11959.27
13459.0,625,2,1160.4099999999999
13460.0,29,2,183.44
13461.0,39,6,4160.0
13462.0,253,5,1153.8500000000001
13464.0,58,6,3097.64
13465.0,446,2,931.12
13466.0,184,5,1013.35
13467.0,11,2,1071.91
13468.0,2,72,12793.28
13469.0,653,1,82.4
13470.0,99,2,165.0
13471.0,1,4,2501.84
13472.0,464,2,592.24
13473.0,61,8,2657.76
13474.0,236,3,646.59
13475.0,191,4,1431.78
13476.0,179,5,2061.47
13477.0,38,11,2819.17
13478.0,469,5,2215.78
13479.0,201,4,851.37
13480.0,417,2,627.82
13481.0,46,11,3830.84
13482.0,232,2,336.09
13483.0,66,1,140.34
13484.0,241,3,790.72
13485.0,233,11,3019.2200000000003
13486.0,78,3,1122.41
13487.0,58,5,846.87
13488.0,17,23,14205.96
13489.0,105,4,449.52
13490.0,654,1,154.25
13491.0,52,27,4467.66
13492.0,136,3,1269.84
13493.0,275,2,618.63
13494.0,312,1,316.26000000000005
13495.0,8,10,4863.31
13496.0,11,2,653.33
13497.0,283,6,1166.83
13498.0,730,1,327.38
13499.0,18,5,1159.1100000000001
13500.0,23,4,1466.3
13501.0,288,3,2885.11
13502.0,17,5,780.5
13503.0,71,6,1859.24
13504.0,64,1,295.93
13505.0,73,4,4393.63
13506.0,316,5,1338.08
13507.0,3,4,2479.16
13508.0,244,2,287.05
13509.0,9,8,1114.72
13510.0,1,11,4558.29
13511.0,677,1,282.76
13512.0,261,4,713.39
13513.0,127,3,824.59
13514.0,74,4,815.9000000000001
13515.0,73,6,1265.82
13516.0,21,4,1685.26
13517.0,60,3,2128.42
13518.0,86,1,627.16
13519.0,78,2,343.21
13520.0,59,11,6606.0
13521.0,1,3,1071.73
13522.0,30,1,125.80000000000001
13523.0,33,6,4534.57
13524.0,41,5,680.1800000000001
13525.0,15,2,628.78
13526.0,738,2,1182.0
13527.0,34,12,4541.29
13529.0,79,2,307.76
13530.0,634,1,402.98
13531.0,205,6,1433.07
13532.0,34,1,210.31
13533.0,183,3,269.09
13534.0,2,35,7720.9
13535.0,403,1,89.5
13536.0,1,7,3444.39
13537.0,426,2,717.85
13538.0,43,12,3103.13
13539.0,86,7,1569.36
13540.0,467,3,632.39
13541.0,427,2,785.25
13542.0,377,17,3959.4900000000002
13543.0,634,2,1439.61
13544.0,40,6,790.2
13545.0,391,2,364.93
13546.0,12,5,1086.24
13547.0,408,1,167.08
13548.0,96,3,901.44
13549.0,26,8,1005.8000000000001
13550.0,383,1,342.55
13551.0,319,2,244.2
13552.0,66,22,6948.92
13553.0,675,1,499.6
13554.0,380,7,1629.35
13555.0,74,13,8891.84
13556.0,429,2,200.82
13557.0,28,13,3032.26
13558.0,6,4,594.52
13559.0,513,2,990.0
13560.0,7,1,171.42000000000002
13561.0,216,11,1803.4
13562.0,82,8,4838.18
13563.0,84,2,777.53
13564.0,144,37,16498.97
13565.0,19,3,414.8
13566.0,41,5,1688.6
13567.0,428,4,1079.29
13568.0,173,1,187.05
13569.0,17,4,726.54
13570.0,243,1,239.49
13571.0,13,26,4537.26
13572.0,206,1,1384.25
13573.0,50,6,904.52
13574.0,411,1,404.45
13575.0,23,5,732.0699999999999
13576.0,10,28,11202.59
13577.0,25,11,3489.28
13578.0,409,1,147.66
13579.0,15,5,1374.34
13580.0,406,1,107.75
13581.0,309,2,280.53000000000003
13582.0,390,2,241.68
13583.0,156,2,1445.031
13584.0,307,3,385.7
13585.0,531,3,684.54
13586.0,541,1,127.28
13587.0,64,4,1673.5
13588.0,16,9,2478.95
13589.0,15,6,1120.74
13590.0,11,18,6336.04
13591.0,65,7,2093.94
13592.0,36,4,247.95999999999998
13593.0,108,14,5493.29
13594.0,53,2,533.32
13595.0,517,3,784.48
13596.0,6,2,664.11
13597.0,400,2,396.71
13598.0,47,5,761.96
13599.0,1,33,9811.04
13600.0,312,2,518.42
13601.0,45,4,1159.99
13602.0,65,4,1025.17
13603.0,26,1,164.34
13604.0,659,1,717.62
13605.0,387,2,522.67
13606.0,29,3,276.75
13607.0,40,2,1075.81
13608.0,541,1,232.05
13609.0,593,1,167.35
13610.0,12,14,2103.71
13611.0,89,10,3297.9300000000003
13612.0,633,1,818.29
13613.0,453,5,1039.8500000000001
13614.0,24,6,2332.74
13615.0,319,8,6272.53
13616.0,568,2,283.85
13617.0,40,8,1278.75
13618.0,174,1,177.34
13619.0,545,2,224.94
13620.0,528,1,112.34
13621.0,117,1,213.85
13622.0,696,1,658.95
13623.0,31,10,2533.06
13624.0,388,1,462.08
13625.0,597,1,301.26
13626.0,253,2,707.04
13627.0,59,7,2245.9
13628.0,676,1,310.14
13629.0,23,19,13370.86
13630.0,5,7,2031.78
13631.0,100,11,3070.42
13632.0,25,8,3645.81
13634.0,33,16,5033.77
13635.0,68,4,2999.16
13636.0,37,5,949.12
13637.0,52,3,804.3
13638.0,16,1,122.64
13639.0,74,2,1346.27
13640.0,611,1,405.0
13641.0,641,5,1016.47
13642.0,216,4,472.2
13643.0,31,10,2156.77
13644.0,16,4,2624.26
13645.0,120,1,252.1
13646.0,400,2,326.25
13647.0,10,8,3041.68
13648.0,400,8,1764.02
13649.0,257,6,1453.68
13650.0,17,10,3288.0
13651.0,35,3,226.85
13652.0,46,5,2262.05
13653.0,488,1,152.2
13654.0,43,11,6308.0
13655.0,114,6,2280.51
13656.0,165,4,1078.85
13657.0,11,2,382.14
13658.0,10,9,6025.5
13659.0,206,12,4884.68
13660.0,400,1,306.64
13661.0,603,1,325.24
13662.0,86,11,2233.61
13663.0,179,5,2047.51
13665.0,386,3,1711.6599999999999
13666.0,60,5,127.9
13667.0,149,1,299.05
13668.0,3,35,12948.48
13669.0,51,3,413.55
13670.0,75,1,349.7
13671.0,395,1,172.6
13672.0,301,3,419.92
13673.0,19,2,387.44
13674.0,433,1,240.68
13675.0,151,2,486.82000000000005
13676.0,539,2,243.9
13677.0,405,2,551.24
13678.0,152,1,232.6
13679.0,494,3,281.26
13680.0,1,12,11419.67
13681.0,18,4,827.83
13682.0,187,1,59.5
13683.0,458,1,258.6
13684.0,286,4,594.88
13685.0,3,7,3119.44
13686.0,183,3,409.04
13687.0,438,1,11880.84
13688.0,635,1,375.5
13689.0,63,2,1259.5
13690.0,59,1,172.25
13691.0,396,1,212.78
13692.0,25,5,3114.4
13693.0,374,9,2011.82
13694.0,4,143,195640.69
13695.0,31,16,2770.73
13696.0,422,3,2020.4
13697.0,39,1,151.29999999999998
13698.0,597,2,451.73
13699.0,155,2,764.15
13700.0,26,13,2596.97
13701.0,447,1,161.0
13702.0,446,1,135.18
13703.0,318,2,425.56
13704.0,5,9,2308.06
13705.0,8,7,1717.19
13706.0,303,2,631.17
13707.0,267,5,3365.86
13708.0,271,1,285.33
13709.0,4,18,7571.35
13710.0,32,3,509.52
13711.0,219,9,1792.26
13712.0,247,2,766.42
13713.0,408,3,740.76
13714.0,465,1,161.35
13715.0,281,17,8153.04
13716.0,269,1,138.28
13717.0,32,8,1763.3
13718.0,246,2,306.55
13719.0,15,11,2783.08
13720.0,117,4,799.9
13721.0,36,2,741.54
13722.0,132,10,5635.41
13723.0,217,6,1194.08
13724.0,637,1,213.01
13725.0,50,8,1980.56
13726.0,39,2,1079.66
13727.0,29,8,1074.15
13728.0,37,16,2855.17
13729.0,436,3,724.73
13730.0,136,2,752.6
13731.0,219,2,610.59
13732.0,28,1,491.86
13733.0,411,2,487.03000000000003
13734.0,509,4,6695.6900000000005
13735.0,25,13,9762.77
13736.0,5,7,2752.47
13737.0,200,1,339.59999999999997
13738.0,396,1,434.78000000000003
13739.0,18,2,292.2
13740.0,241,5,1582.77
13741.0,72,3,668.4300000000001
13742.0,17,12,3107.87
13743.0,3,7,1341.6
13744.0,95,2,1080.52
13745.0,162,2,777.36
13746.0,414,1,176.69
13747.0,374,2,169.79999999999998
13748.0,96,9,2064.35
13750.0,54,11,3602.18
13751.0,288,1,296.25
13752.0,124,7,1579.83
13753.0,288,4,2094.57
13754.0,152,3,447.05
13755.0,4,9,2108.06
13756.0,2,23,8655.95
13757.0,675,1,195.55
13758.0,12,15,8698.13
13759.0,33,2,659.4100000000001
13760.0,54,5,1363.6399999999999
13761.0,50,6,1952.17
13762.0,219,5,2472.48
13763.0,63,3,5217.44
13764.0,71,6,2919.62
13765.0,653,1,352.821
13766.0,495,1,190.35
13767.0,2,73,33903.57
13768.0,727,2,875.97
13769.0,2,20,5478.12
13770.0,422,4,785.37
13771.0,64,9,5728.82
13772.0,34,8,3100.02
13773.0,397,2,301.54
13774.0,82,1,345.0
13775.0,591,1,1049.66
13776.0,428,2,623.98
13777.0,1,61,49638.26
13778.0,103,4,1124.49
13779.0,516,1,161.13
13780.0,7,3,732.07
13781.0,251,3,778.83
13782.0,13,13,1786.08
13783.0,488,4,1542.09
13784.0,10,14,2910.23
13785.0,429,4,542.49
13786.0,367,6,3127.99
13787.0,76,6,1222.5
13788.0,505,1,3.75
13789.0,388,1,239.45999999999998
13790.0,4,1,348.79999999999995
13791.0,128,2,1516.0
13792.0,66,3,383.95
13793.0,647,1,96.0
13794.0,547,1,126.03
13795.0,388,4,836.3
13796.0,499,1,289.7
13797.0,437,3,1179.45
13798.0,1,110,75428.87
13799.0,117,9,2803.57
13800.0,310,3,1679.56
13801.0,67,1,324.8
13802.0,139,19,26259.11
13803.0,255,3,1338.91
13804.0,31,9,3161.12
13805.0,52,2,924.5999999999999
13806.0,64,1,256.38
13807.0,367,3,422.2
13808.0,6,5,1747.66
13809.0,305,3,679.6999999999999
13810.0,29,3,1499.01
13811.0,184,3,814.5
13812.0,42,3,539.0
13813.0,40,8,2765.4700000000003
13814.0,92,3,2257.32
13815.0,22,8,7475.74
13816.0,24,2,571.67
13817.0,29,2,382.98
13818.0,430,1,61.28
13819.0,302,6,2642.35
13820.0,418,3,652.75
13821.0,145,6,1379.08
13822.0,6,2,632.0
13823.0,19,7,3403.4500000000003
13824.0,33,12,3314.76
13825.0,622,2,255.59
13826.0,176,1,189.5
13827.0,58,3,409.8
13828.0,22,1,209.49
13829.0,421,1,102.0
13830.0,582,1,156.85000000000002
13831.0,16,18,6585.54
13832.0,19,2,609.89
13833.0,159,2,700.41
13834.0,577,2,324.19
13835.0,25,7,1095.27
13836.0,399,2,620.37
13837.0,212,2,266.59000000000003
13838.0,6,10,1690.07
13839.0,486,1,139.95000000000002
13840.0,416,1,651.4
13841.0,253,1,85.0
13842.0,59,18,5319.34
13843.0,381,1,319.75
13844.0,11,1,361.62
13845.0,65,1,312.98
13846.0,25,4,1307.79
13847.0,720,1,310.72
13848.0,92,8,3015.0
13849.0,52,5,3469.3
13850.0,129,1,1595.48
13851.0,96,8,4606.46
13852.0,611,1,187.35000000000002
13853.0,57,1,1090.1399999999999
13854.0,9,39,11944.56
13855.0,501,4,1310.34
13856.0,169,11,1142.03
13857.0,393,6,1001.01
13858.0,57,1,216.17000000000002
13859.0,326,2,515.86
13860.0,1,5,1245.9
13861.0,429,2,273.26
13862.0,18,9,2556.09
13863.0,248,4,1239.55
13864.0,387,1,662.4000000000001
13865.0,58,4,501.56
13866.0,74,1,145.67
13867.0,31,3,1005.09
13868.0,7,2,3192.54
13869.0,123,10,7996.87
13870.0,2,15,5712.08
13871.0,23,17,7885.85
13872.0,527,3,919.57
13873.0,120,8,1038.92
13874.0,358,7,2049.15
13875.0,54,14,4814.37
13876.0,64,1,122.7
13877.0,86,3,449.68
13878.0,55,4,2416.9
13879.0,646,1,395.5
13880.0,21,17,4293.86
13881.0,4,43,45179.1
13882.0,3,5,1191.13
13883.0,11,15,6560.02
13884.0,7,10,1825.03
13885.0,189,2,506.8
13886.0,71,1,243.56
13887.0,204,1,349.55
13888.0,120,7,2001.59
13889.0,93,6,1991.23
13890.0,1,14,2927.38
13891.0,378,3,859.21
13892.0,27,6,1267.6499999999999
13893.0,298,1,821.1
13894.0,24,3,564.62
13895.0,28,6,4008.52
13896.0,626,1,388.55
13897.0,50,3,1160.72
13898.0,326,2,686.4
13899.0,16,2,388.52
13900.0,183,6,1610.5900000000001
13901.0,72,15,5676.34
13902.0,632,5,34095.26
13903.0,400,1,165.45000000000002
13904.0,37,2,332.64
13905.0,733,1,312.65
13906.0,409,1,42.0
13907.0,692,1,136.8
13908.0,80,4,2369.55
13909.0,423,2,282.85
13911.0,57,20,4234.99
13912.0,424,1,124.95
13913.0,507,1,42.22
13914.0,12,2,626.45
13915.0,394,1,70.80000000000001
13916.0,464,4,1275.81
13917.0,50,2,272.04
13918.0,50,2,1212.8400000000001
13919.0,59,4,1360.68
13920.0,432,4,1774.68
13921.0,402,4,730.7
13922.0,352,3,865.2
13923.0,54,1,351.13
13924.0,2,6,1838.8500000000001
13925.0,93,4,678.25
13926.0,23,1,223.85000000000002
13927.0,75,2,708.26
13928.0,11,4,464.57
13929.0,169,11,3494.1
13930.0,58,2,337.34
13931.0,96,11,5257.38
13932.0,295,1,307.4
13933.0,109,2,608.79
13934.0,264,1,922.1
13935.0,597,3,6116.92
13936.0,180,3,939.66
13937.0,169,2,880.13
13938.0,35,1,71.66
13939.0,23,7,1560.96
13940.0,17,4,839.14
13941.0,22,15,10027.18
13942.0,535,1,320.0
13943.0,578,1,246.54
13944.0,653,1,200.43
13945.0,395,2,854.15
13946.0,79,6,1876.23
13947.0,65,1,90.6
13948.0,361,4,548.76
13949.0,3,6,2427.32
13950.0,11,4,745.06
13951.0,176,3,674.45
13952.0,218,14,12823.521
13953.0,7,12,6640.68
13954.0,2,2,439.92
13955.0,154,3,544.0699999999999
13956.0,5,5,1019.27
13957.0,418,3,458.25
13958.0,380,8,4709.2300000000005
13959.0,79,6,1064.77
13960.0,21,2,230.22
13961.0,392,1,538.4
13962.0,22,3,362.8
13963.0,308,17,2860.57
13964.0,387,2,438.9
13965.0,477,3,996.61
13966.0,435,1,384.26
13967.0,146,2,166.3
13968.0,423,1,123.66
13969.0,7,35,12973.460000000001
13970.0,386,2,846.55
13971.0,19,14,4667.57
13972.0,71,2,190.25
13973.0,287,1,264.7
13974.0,49,2,677.72
13975.0,31,12,5256.4
13976.0,207,4,1192.3600000000001
13977.0,411,1,519.8100000000001
13978.0,15,2,196.79
13979.0,73,7,3379.93
13980.0,60,5,768.8199999999999
13981.0,416,1,331.14
13982.0,39,9,3954.29
13983.0,30,21,6753.89
13984.0,27,12,1893.8
13985.0,4,22,10020.86
13986.0,17,1,320.46
13987.0,380,2,682.54
13988.0,20,8,4757.8
13989.0,66,5,2026.06
13990.0,213,1,311.3
13991.0,12,6,852.88
13992.0,30,3,219.5
13993.0,43,19,6775.71
13994.0,4,6,2274.14
13995.0,15,14,3902.01
13996.0,386,2,895.76
13997.0,519,3,376.46
13998.0,447,3,566.7
13999.0,10,29,9502.26
14000.0,211,5,2046.34
14001.0,46,9,4228.85
14002.0,134,2,529.73
14003.0,733,1,209.41
14004.0,43,11,6258.45
14005.0,10,5,2874.72
14006.0,116,7,2196.67
14007.0,513,1,79.48
14008.0,432,1,509.04
14009.0,198,3,1099.91
14010.0,565,2,445.15
14011.0,480,2,457.82
14012.0,278,1,328.8
14013.0,110,5,1084.57
14014.0,77,3,1948.21
14015.0,53,1,917.34
14016.0,162,11,11403.41
14017.0,571,1,229.75
14018.0,645,1,367.15
14019.0,47,3,1421.61
14020.0,17,4,1249.01
14021.0,155,7,1716.58
14022.0,225,2,792.15
14023.0,7,2,584.07
14024.0,122,3,645.74
14025.0,465,8,4057.9
14026.0,471,2,713.11
14027.0,61,1,104.82
14028.0,550,3,10396.5
14029.0,63,2,467.66
14030.0,18,20,7521.8
14031.0,7,44,39019.51
14032.0,2,16,4546.41
14033.0,555,1,109.44
14034.0,22,3,648.89
14035.0,29,9,2794.75
14036.0,285,1,626.65
14037.0,176,6,836.95
14038.0,78,5,3069.88
14039.0,33,2,267.28000000000003
14040.0,41,35,12523.81
14041.0,266,1,141.41
14042.0,725,1,431.98
14043.0,491,2,302.59999999999997
14044.0,27,10,3077.7
14045.0,109,16,10986.63
14046.0,284,1,154.99
14047.0,9,14,3968.11
14048.0,305,3,748.69
14049.0,17,13,13023.4
14050.0,32,2,746.36
14051.0,1,37,21770.98
14052.0,20,2,466.66
14053.0,124,4,572.3
14054.0,65,1,92.46000000000001
14055.0,106,3,1520.96
14056.0,1,23,8152.71
14057.0,24,22,8346.66
14058.0,463,2,469.19
14059.0,267,1,183.6
14060.0,5,30,8898.24
14061.0,507,3,917.4300000000001
14062.0,10,24,25585.65
14063.0,438,9,22710.2
14064.0,29,15,3260.24
14065.0,389,3,891.02
14066.0,267,1,152.55
14067.0,64,2,374.7
14068.0,320,4,1516.72
14069.0,515,2,225.81
14070.0,685,1,321.6
14071.0,4,8,1437.57
14072.0,667,1,390.85
14073.0,32,1,151.04
14074.0,623,1,219.4
14075.0,5,6,1734.87
14076.0,129,1,118.67
14077.0,41,6,615.08
14078.0,102,9,1553.47
14079.0,125,2,618.73
14080.0,33,5,1115.68
14081.0,302,10,4867.57
14082.0,365,2,413.36
14083.0,4,11,1082.19
14084.0,512,1,150.5
14085.0,2,33,9720.67
14086.0,463,1,39.95
14087.0,3,3,829.47
14088.0,10,16,64036.8
14089.0,57,1,158.75
14090.0,325,1,76.32000000000001
14091.0,654,2,9530.08
14092.0,8,24,7229.45
14093.0,12,1,433.86
14094.0,440,1,311.77
14095.0,723,1,2.95
14096.0,4,17,65164.79
14097.0,481,2,422.86
14098.0,37,1,147.35
14099.0,16,20,5750.91
14100.0,138,1,191.95
14101.0,74,13,9961.93
14102.0,5,5,1105.8799999999999
14104.0,155,5,743.53
14105.0,239,5,5988.83
14106.0,737,1,214.8
14107.0,52,11,4877.3
14108.0,31,4,1044.96
14109.0,73,1,144.2
14110.0,4,33,12987.95
14111.0,14,4,692.85
14112.0,23,13,5834.59
14113.0,4,16,7092.610000000001
14114.0,274,7,1364.09
14115.0,502,2,622.67
14116.0,20,5,1382.74
14117.0,144,1,90.0
14118.0,429,1,458.45
14119.0,376,2,183.37
14121.0,4,4,2780.15
14122.0,406,3,362.42
14123.0,733,1,436.18
14124.0,84,1,419.58
14125.0,11,3,2720.63
14126.0,8,4,1172.46
14127.0,123,6,1900.0800000000002
14128.0,61,3,924.21
14129.0,2,9,2591.34
14130.0,319,4,1858.77
14131.0,649,1,168.22
14132.0,2,11,3586.0299999999997
14133.0,130,4,911.14
14134.0,383,15,11123.35
14135.0,2,24,8839.67
14136.0,401,5,1570.81
14137.0,696,1,332.7
14138.0,2,2,965.88
14139.0,46,4,1086.8
14140.0,4,2,935.05
14141.0,3,4,915.13
14142.0,373,2,671.34
14143.0,134,1,115.8
14144.0,486,1,30.6
14145.0,47,7,7600.05
14146.0,9,12,9450.3
14147.0,78,9,2590.2
14148.0,234,2,466.29
14149.0,221,1,446.62
14150.0,36,2,658.64
14151.0,673,2,679.45
14152.0,75,7,1997.34
14153.0,483,1,233.39999999999998
14154.0,239,8,6460.7
14155.0,266,1,118.75
14156.0,10,156,313437.62
14157.0,20,5,978.69
14158.0,40,1,507.65999999999997
14159.0,20,20,7860.8
14160.0,610,7,8421.47
14161.0,216,7,2996.93
14162.0,174,2,289.36
14163.0,87,5,2594.62
14164.0,71,2,1631.77
14165.0,276,1,120.44
14166.0,505,2,251.15
14167.0,39,8,1274.29
14168.0,421,2,370.45
14169.0,431,2,621.51
14170.0,375,3,570.18
14171.0,98,2,498.79
14172.0,605,3,369.02
14173.0,11,6,586.0
14174.0,33,1,134.46
14175.0,60,8,7678.88
14176.0,297,5,756.46
14177.0,86,13,2209.69
14178.0,9,7,1600.26
14179.0,41,2,701.57
14180.0,11,33,6117.5
14181.0,411,2,308.35
14182.0,444,4,678.77
14183.0,411,2,278.34000000000003
14184.0,67,1,452.89
14185.0,331,1,197.65
14186.0,427,5,1550.6299999999999
14187.0,474,1,123.5
14188.0,31,6,2054.36
14189.0,2,16,5503.15
14190.0,666,1,79.9
14191.0,2,15,4817.66
14192.0,388,1,293.74
14193.0,68,3,1210.19
14194.0,5,36,18670.59
14195.0,202,6,2615.6
14196.0,107,1,335.52
14197.0,411,1,390.05
14198.0,18,9,1569.73
14199.0,218,4,1091.7
14200.0,617,1,379.2
14201.0,60,10,1193.54
14202.0,381,3,847.76
14203.0,397,1,339.34
14204.0,2,4,1024.83
14205.0,17,9,2414.2
14206.0,239,3,1185.01
14207.0,688,1,157.8
14208.0,95,2,567.05
14209.0,11,15,4993.27
14210.0,106,16,5556.570000000001
14211.0,53,18,4402.29
14212.0,90,2,2190.14
14213.0,405,1,1192.2
14214.0,31,5,1004.38
14215.0,12,9,3250.33
14216.0,3,5,2150.04
14217.0,2,23,3298.59
14218.0,43,1,169.48000000000002
14219.0,4,3,633.83
14220.0,247,4,1515.0
14221.0,42,17,6517.49
14222.0,177,1,683.17
14223.0,92,3,991.13
14224.0,110,9,1841.71
14225.0,435,4,2031.07
14226.0,29,6,2985.13
14227.0,26,15,6368.71
14228.0,438,3,745.5
14229.0,52,7,2594.04
14230.0,436,3,979.8000000000001
14231.0,184,4,1235.6200000000001
14232.0,43,5,2048.07
14233.0,49,7,2904.27
14234.0,22,4,754.12
14235.0,75,9,4717.99
14236.0,81,5,1555.34
14237.0,373,2,471.14
14238.0,326,3,434.23
14239.0,43,21,4263.17
14240.0,30,3,1247.49
14241.0,184,2,333.7
14242.0,235,2,280.55
14243.0,9,17,7217.75
14244.0,661,1,366.41999999999996
14245.0,220,2,1693.45
14246.0,111,3,1474.06
14247.0,278,5,753.56
14248.0,318,3,1032.95
14249.0,411,12,5400.461
14250.0,7,3,1904.05
14251.0,2,5,2879.7000000000003
14252.0,381,1,350.99
14253.0,493,2,363.40000000000003
14254.0,433,1,601.03
14255.0,546,1,1000.63
14256.0,260,5,2460.79
14257.0,64,9,5954.45
14258.0,9,25,32051.34
14259.0,142,1,120.0
14260.0,471,3,824.28
14261.0,51,2,1163.45
14262.0,8,8,2618.23
14263.0,423,1,322.93
14264.0,155,6,1517.3600000000001
14265.0,109,4,1373.35
14266.0,428,1,40.56
14267.0,163,3,1516.24
14268.0,471,1,354.85
14269.0,439,1,295.73
14270.0,332,1,492.65000000000003
14271.0,226,2,214.18
14272.0,74,4,920.81
14273.0,51,4,559.97
14274.0,686,1,256.6
14275.0,396,6,1189.3799999999999
14276.0,99,7,2102.68
14277.0,15,9,17197.61
14278.0,410,1,205.83
14279.0,521,2,191.86
14280.0,197,1,134.04
14281.0,408,1,245.15
14282.0,3,25,7250.76
14283.0,463,4,628.4399999999999
14284.0,31,3,1299.65
14285.0,21,8,3284.42
14286.0,24,7,8479.76
14287.0,8,3,176.63
14288.0,213,1,426.6
14289.0,9,6,911.26
14290.0,11,8,4516.56
14291.0,2,23,7904.099999999999
14292.0,8,16,9226.25
14293.0,3,9,2903.01
14294.0,407,1,375.34000000000003
14295.0,40,5,2362.91
14296.0,421,2,456.4
14297.0,18,4,1305.33
14298.0,8,82,91194.49
14299.0,8,27,14070.25
14300.0,19,1,43.2
14301.0,117,4,1992.18
14302.0,431,3,742.9000000000001
14303.0,407,2,277.94
14304.0,223,3,1725.01
14305.0,71,3,1858.96
14306.0,51,6,3151.4
14307.0,89,10,4287.92
14308.0,549,2,1147.02
14309.0,8,11,3780.81
14310.0,433,1,492.1
14311.0,243,2,516.45
14312.0,47,11,3090.29
14314.0,107,2,229.79999999999998
14315.0,45,8,3197.82
14316.0,422,5,1370.34
14317.0,65,1,508.58
14318.0,460,1,158.02
14319.0,424,1,494.85
14320.0,207,5,1346.75
14321.0,11,7,2218.06
14322.0,429,4,474.1
14323.0,115,2,605.0600000000001
14324.0,410,2,701.61
14325.0,570,1,245.48000000000002
14326.0,242,3,940.98
14327.0,163,6,1894.93
14328.0,438,1,445.05
14329.0,17,15,9887.62
14330.0,624,1,200.63
14331.0,124,2,462.65999999999997
14332.0,23,5,1917.41
14333.0,68,1,415.2
14334.0,17,12,4318.48
14335.0,16,2,454.86
14336.0,17,4,1614.91
14338.0,161,3,928.1
14339.0,243,2,620.27
14340.0,219,1,134.7
14341.0,45,18,4452.02
14342.0,21,6,918.44
14343.0,421,4,1079.66
14344.0,127,20,2993.05
14345.0,39,1,108.97999999999999
14346.0,121,5,2315.75
14347.0,737,1,82.60000000000001
14348.0,260,1,409.57
14349.0,10,1,133.5
14350.0,274,3,972.03
14351.0,165,1,51.0
14352.0,157,4,1078.96
14353.0,215,3,376.5
14354.0,6,2,163.62
14355.0,366,3,840.05
14356.0,80,2,701.23
14357.0,43,1,225.12
14358.0,389,2,400.06
14359.0,19,3,912.18
14360.0,32,4,2118.03
14361.0,579,1,214.70999999999998
14362.0,22,1,151.5
14363.0,402,2,227.47000000000003
14364.0,109,8,3717.35
14365.0,395,2,634.68
14366.0,525,1,136.0
14367.0,8,16,9227.82
14368.0,320,1,155.0
14369.0,642,2,469.13
14370.0,451,6,1175.78
14371.0,295,1,100.5
14372.0,443,2,860.08
14373.0,358,1,76.55
14374.0,541,1,108.0
14375.0,185,3,1106.82
14376.0,683,1,215.46
14377.0,191,2,617.05
14378.0,622,1,131.25
14379.0,44,4,1265.16
14380.0,682,1,48.96
14381.0,52,2,625.94
14382.0,26,2,1193.63
14383.0,38,3,1247.69
14384.0,501,1,58.5
14385.0,9,3,202.10999999999999
14386.0,297,1,142.4
14387.0,33,3,1727.6
14388.0,10,16,6388.2
14389.0,65,5,1898.01
14390.0,10,13,6150.03
14391.0,577,1,135.6
14392.0,432,1,266.4
14393.0,218,1,67.95
14394.0,565,1,93.8
14395.0,2,20,7801.93
14396.0,65,7,1969.38
14397.0,3,19,2612.96
14398.0,401,2,707.79
14399.0,394,8,2108.21
14400.0,149,3,1732.47
14401.0,4,22,6795.9
14402.0,652,1,285.6
14403.0,130,6,1880.51
14404.0,34,13,2724.13
14405.0,387,1,195.0
14406.0,119,1,156.75
14407.0,107,6,2157.73
14408.0,11,11,4102.27
14409.0,71,9,3427.29
14410.0,92,11,2631.9
14411.0,311,1,1063.0
14412.0,43,3,1426.19
14413.0,362,4,764.52
14414.0,92,8,2399.33
14415.0,1,23,11980.09
14416.0,22,2,490.22
14417.0,388,1,524.65
14418.0,4,3,1937.25
14419.0,11,7,1254.64
14420.0,99,4,1639.17
14421.0,57,6,2469.37
14422.0,1,19,10271.52
14423.0,218,3,916.61
14424.0,18,1,322.08
14425.0,435,3,661.39
14426.0,24,17,11727.94
14427.0,50,4,1263.52
14428.0,7,5,1224.06
14429.0,404,1,516.28
14430.0,512,3,1220.9
14431.0,303,4,2614.2
14432.0,10,6,2248.5
14433.0,466,1,280.7
14434.0,22,6,1372.8
14435.0,502,1,90.42
14436.0,99,2,271.7
14437.0,366,5,873.34
14438.0,306,1,131.9
14439.0,320,5,9443.04
14440.0,8,13,5982.03
14441.0,1,11,4611.6900000000005
14442.0,205,7,5367.02
14443.0,54,5,2082.97
14444.0,456,1,120.44
14445.0,456,1,221.65
14446.0,1,5,1200.28
14447.0,19,6,1711.73
14448.0,9,2,375.35
14449.0,19,8,2230.96
14450.0,181,7,1128.44
14451.0,60,12,3258.68
14452.0,11,4,658.95
14453.0,190,1,119.93
14454.0,376,5,977.3000000000001
14455.0,432,4,617.72
14456.0,5,9,3017.28
14457.0,311,1,113.64
14458.0,381,1,228.07
14459.0,155,2,5375.741
14460.0,110,9,1093.5
14461.0,148,13,6676.91
14462.0,66,12,2242.81
14463.0,98,4,786.5699999999999
14464.0,568,2,111.0
14465.0,247,11,3925.85
14466.0,29,13,4267.15
14467.0,18,12,2203.2400000000002
14468.0,734,1,204.24
14469.0,416,4,2093.46
14470.0,12,3,712.04
14471.0,591,2,400.95
14472.0,104,9,2118.72
14473.0,74,2,234.34
14474.0,46,2,1258.89
14475.0,72,4,1151.15
14476.0,257,1,193.0
14477.0,20,7,1969.6
14478.0,382,4,1276.66
14479.0,254,4,1124.71
14480.0,11,4,1299.52
14481.0,165,5,2284.69
14482.0,18,12,4306.72
14483.0,282,2,257.1
14484.0,50,4,1070.98
14485.0,39,1,162.8
14486.0,512,2,175.5
14487.0,27,7,1266.27
14488.0,68,1,1064.28
14489.0,207,4,1574.93
14490.0,406,2,1273.47
14491.0,175,2,340.93
14492.0,430,7,1921.91
14493.0,7,10,5087.86
14494.0,26,3,401.46
14495.0,51,3,174.8
14496.0,312,7,2363.89
14497.0,309,2,697.0600000000001
14498.0,43,10,3900.83
14499.0,26,7,2101.79
14500.0,88,3,356.85
14501.0,184,2,251.21
14502.0,20,11,2429.83
14503.0,3,6,3543.26
14504.0,47,4,673.26
14505.0,17,19,11879.08
14506.0,17,7,2960.25
14507.0,24,11,3216.7400000000002
14508.0,22,5,822.92
14509.0,534,1,110.95
14510.0,376,3,979.85
14511.0,11,5,1314.81
14512.0,188,7,1215.97
14513.0,101,6,788.01
14514.0,61,9,4380.04
14515.0,18,12,3724.06
14516.0,516,1,151.17
14517.0,33,2,330.45
14518.0,64,1,174.37
14519.0,684,2,203.14
14520.0,2,2,270.6
14521.0,491,1,199.45000000000002
14522.0,24,8,1748.42
14523.0,108,1,241.09
14524.0,32,13,2909.86
14525.0,20,17,8026.54
14526.0,389,1,258.65
14527.0,3,122,27246.88
14528.0,37,1,364.21999999999997
14529.0,60,3,578.61
14530.0,26,16,6088.87
14531.0,480,1,376.34
14532.0,236,11,3845.78
14533.0,25,11,3466.37
14534.0,3,26,6187.66
14535.0,60,9,5973.2300000000005
14536.0,260,1,170.95
14537.0,58,2,641.4
14538.0,65,5,1370.8400000000001
14539.0,16,2,537.48
14540.0,10,11,3709.64
14541.0,59,14,2491.38
14542.0,186,1,103.25
14543.0,29,39,14587.87
14544.0,24,3,2938.53
14545.0,674,1,349.25
14546.0,5,11,5184.84
14547.0,4,8,3974.75
14548.0,151,9,2541.29
14549.0,311,4,913.6
14550.0,11,4,1345.06
14551.0,18,7,878.09
14552.0,152,3,507.93
14553.0,19,9,1818.6
14554.0,10,4,2279.4900000000002
14555.0,57,6,2304.03
14556.0,596,3,815.69
14557.0,85,1,788.38
14558.0,654,3,655.5
14559.0,390,1,75.6
14560.0,7,44,6114.03
14561.0,76,3,1080.76
14562.0,4,26,6638.150000000001
14563.0,510,2,640.54
14564.0,435,2,2605.62
14565.0,96,5,3859.2200000000003
14566.0,111,4,4092.0
14567.0,57,2,1530.3600000000001
14568.0,435,1,919.7
14569.0,1,4,597.33
14570.0,281,3,613.75
14571.0,425,1,160.0
14572.0,3,11,5526.88
14573.0,180,13,2163.12
14574.0,733,1,143.70000000000002
14575.0,488,1,420.22
14576.0,372,1,35.400000000000006
14577.0,13,7,1364.15
14578.0,3,1,168.63
14579.0,432,1,105.56
14580.0,518,1,14.85
14581.0,17,2,409.65
14582.0,41,1,114.11
14583.0,6,8,1660.29
14584.0,169,8,1738.16
14585.0,50,5,1143.27
14586.0,277,1,237.35999999999999
14587.0,19,9,1580.29
14588.0,578,1,135.39
14589.0,372,1,39.75
14590.0,425,20,2993.37
14591.0,15,4,1320.21
14592.0,35,3,557.94
14593.0,22,12,3665.53
14594.0,7,2,363.33
14595.0,20,8,2164.45
14596.0,627,1,222.22
14597.0,11,6,2184.63
14598.0,44,2,384.04
14599.0,390,2,457.89
14600.0,306,2,865.17
14601.0,11,1,213.96
14602.0,656,1,205.36
14603.0,275,1,660.0
14604.0,633,1,143.85999999999999
14605.0,374,4,921.5600000000001
14606.0,1,192,29951.37
14607.0,16,22,23763.13
14608.0,4,11,3352.94
14609.0,72,10,1486.2
14610.0,396,2,24.35
14611.0,444,2,604.3299999999999
14612.0,415,1,877.7
14613.0,680,1,76.32000000000001
14614.0,386,1,295.13
14615.0,394,5,951.76
14616.0,243,5,527.78
14617.0,403,2,190.47
14618.0,9,7,1342.32
14619.0,246,2,1291.24
14620.0,206,2,412.78000000000003
14621.0,1,9,3000.57
14622.0,185,1,320.58000000000004
14623.0,32,10,2016.98
14624.0,57,6,814.0699999999999
14625.0,196,11,4497.88
14626.0,24,11,5410.92
14627.0,379,1,462.75
14628.0,91,5,1998.0
14629.0,4,2,955.26
14630.0,484,1,338.65
14631.0,51,6,2025.69
14632.0,263,1,114.56
14633.0,266,1,344.90000000000003
14634.0,438,4,2124.46
14635.0,454,1,215.22
14636.0,36,2,609.85
14637.0,677,1,106.67999999999999
14638.0,51,1,443.6
14639.0,52,9,4978.96
14640.0,24,10,3649.36
14641.0,22,1,110.46
14642.0,59,1,96.12
14643.0,170,5,1679.89
14644.0,68,7,2247.72
14645.0,157,3,876.89
14646.0,2,151,528602.52
14647.0,201,2,506.04
14648.0,416,15,4466.65
14649.0,5,9,3651.19
14650.0,589,1,62.5
14651.0,67,9,2025.52
14652.0,77,1,114.18
14653.0,1,12,3593.06
14654.0,738,1,246.86
14655.0,8,7,3878.51
14656.0,169,5,790.0
14657.0,18,6,1450.19
14658.0,5,2,247.15
14659.0,9,9,2529.93
14660.0,87,2,285.74
14661.0,27,1,107.95
14662.0,29,7,1376.43
14663.0,430,2,490.6
14664.0,20,2,636.24
14665.0,61,7,2749.65
14666.0,24,1,195.25
14667.0,11,54,20395.34
14668.0,445,1,111.63
14669.0,242,7,3216.78
14670.0,280,3,583.33
14671.0,549,2,1127.45
14672.0,235,4,1113.14
14673.0,3,7,3037.32
14674.0,509,1,173.66
14675.0,16,2,1015.58
14676.0,31,12,8356.79
14677.0,593,1,184.91
14678.0,579,1,403.39
14679.0,382,3,1289.44
14680.0,25,58,55688.5
14681.0,71,6,875.1500000000001
14682.0,188,6,1514.81
14683.0,588,1,146.56
14684.0,26,6,1430.03
14685.0,576,8,4536.64
14686.0,414,5,852.53
14687.0,107,3,1402.06
14688.0,8,28,7190.42
14689.0,209,1,112.80000000000001
14690.0,44,4,777.6800000000001
14691.0,31,5,2114.33
14692.0,137,12,1715.1399999999999
14693.0,265,7,1165.3600000000001
14694.0,617,1,244.31
14695.0,519,3,1534.22
14696.0,4,8,2473.28
14697.0,218,2,188.61
14698.0,2,5,1217.27
14699.0,214,4,702.6
14700.0,32,5,3076.06
14701.0,11,15,4487.11
14702.0,1,29,6368.78
14703.0,15,1,318.17
14704.0,11,11,1752.92
14705.0,199,1,179.0
14706.0,619,1,367.54
14707.0,436,2,139.2
14708.0,3,5,1793.22
14709.0,15,25,8886.33
14710.0,14,13,1899.79
14711.0,10,11,2839.62
14712.0,29,4,1328.0700000000002
14713.0,9,21,5115.76
14714.0,24,4,906.24
14715.0,25,8,1825.45
14716.0,43,3,543.28
14717.0,733,1,81.3
14718.0,410,1,226.42
14719.0,2,5,1581.84
14720.0,6,3,663.81
14721.0,379,1,109.07
14722.0,147,3,489.52
14723.0,10,11,1803.06
14724.0,590,1,341.9
14725.0,25,4,1252.74
14726.0,655,1,116.5
14727.0,274,3,463.72999999999996
14728.0,413,1,190.58
14729.0,374,3,586.24
14730.0,1,8,1897.57
14731.0,47,3,380.02
14732.0,8,19,5517.07
14733.0,16,15,14335.15
14734.0,426,4,1056.42
14735.0,4,56,12240.16
14736.0,485,2,374.05
14737.0,4,4,3554.17
14738.0,43,9,1821.9
14739.0,4,25,11573.62
14740.0,197,11,4161.06
14741.0,12,7,1713.09
14742.0,435,1,579.85
14743.0,593,1,50.48
14744.0,16,14,3660.08
14745.0,113,12,2551.41
14746.0,406,4,593.5
14747.0,249,1,328.2
14748.0,29,10,2681.9
14749.0,480,1,310.15
14750.0,736,1,112.03
14751.0,684,2,126.45
14752.0,44,1,389.64
14753.0,87,2,869.51
14754.0,45,6,1547.93
14755.0,10,25,9972.550000000001
14756.0,15,3,2653.76
14757.0,75,1,420.5
14758.0,145,7,2864.97
14759.0,5,3,1625.97
14760.0,297,1,89.2
14761.0,59,3,447.92
14762.0,264,2,417.57
14764.0,47,1,278.3
14765.0,29,3,254.11
14766.0,8,11,6375.73
14767.0,474,1,382.81
14768.0,17,2,192.60000000000002
14769.0,3,17,15514.11
14770.0,232,8,3637.64
14771.0,621,2,594.62
14772.0,112,1,139.26
14773.0,593,1,140.55
14774.0,529,1,241.45
14775.0,58,3,1011.9
14776.0,51,15,3708.2999999999997
14777.0,404,1,307.56
14778.0,127,2,730.86
14779.0,281,3,386.15
14780.0,55,2,447.68
14782.0,320,1,200.10000000000002
14783.0,659,1,307.3
14784.0,26,3,449.93
14785.0,10,2,77.4
14786.0,550,1,90.96
14787.0,471,1,110.65
14788.0,7,3,1156.32
14789.0,29,1,197.64
14790.0,17,10,2526.62
14791.0,607,1,303.63
14792.0,64,1,6.2
14793.0,21,2,625.9
14794.0,3,10,1953.9
14795.0,166,1,131.45000000000002
14796.0,1,27,10169.33
14797.0,507,1,300.31
14798.0,53,8,724.31
14799.0,51,2,338.15
14800.0,48,17,7191.33
14801.0,61,1,189.34
14802.0,438,2,1502.98
14803.0,162,3,845.5500000000001
14804.0,9,1,353.27
14805.0,15,7,1082.55
14806.0,75,2,303.43
14807.0,391,2,504.14
14808.0,40,8,2718.6
14809.0,621,2,686.76
14810.0,41,13,2354.03
14811.0,387,1,170.5
14812.0,599,1,178.85
14813.0,370,4,888.91
14814.0,581,1,154.21
14815.0,37,2,778.5
14816.0,197,1,271.85
14817.0,200,7,3959.86
14818.0,74,6,1153.56
14819.0,64,4,456.41
14820.0,21,9,1274.76
14821.0,367,7,1230.15
14822.0,485,1,157.7
14823.0,180,3,321.43
14824.0,10,10,4022.91
14825.0,4,24,4735.08
14826.0,582,2,385.2
14828.0,197,13,9839.460000000001
14829.0,29,7,1455.8700000000001
14830.0,53,1,188.88
14831.0,680,3,1676.57
14832.0,630,1,322.69
14833.0,499,1,94.8
14834.0,18,7,2206.16
14835.0,529,2,297.0
14836.0,10,3,102.44999999999999
14837.0,90,9,3460.32
14838.0,423,2,769.9200000000001
14839.0,418,3,915.28
14840.0,268,2,362.71
14841.0,53,14,7163.0
14842.0,44,4,2824.69
14843.0,437,1,211.79999999999998
14844.0,64,10,6702.43
14845.0,600,1,150.0
14846.0,427,1,437.4
14847.0,149,3,1348.95
14848.0,405,1,310.56
14849.0,22,43,15407.61
14850.0,312,7,1770.96
14851.0,23,3,829.41
14852.0,58,18,6132.43
14853.0,24,5,1376.87
14854.0,78,11,4303.06
14855.0,119,7,6520.3
14856.0,36,3,1290.53
14857.0,60,7,3651.851
14858.0,506,1,180.75
14859.0,13,5,1705.64
14860.0,19,1,170.32
14861.0,52,10,1380.73
14862.0,26,2,841.2
14863.0,29,1,266.76
14865.0,7,4,92.52
14866.0,11,19,20746.54
14867.0,186,16,2952.06
14868.0,3,12,4184.01
14869.0,9,6,2778.14
14870.0,262,6,1838.95
14871.0,3,9,1228.17
14872.0,484,3,816.6
14873.0,210,2,854.13
14874.0,535,1,116.18
14875.0,108,3,2862.4
14876.0,521,2,256.7
14877.0,418,2,425.85
14878.0,13,25,4076.5
14879.0,685,1,185.06
14880.0,77,3,690.59
14881.0,20,1,255.4
14882.0,27,14,3546.65
14883.0,19,6,761.59
14884.0,669,1,120.6
14885.0,132,3,1598.12
14886.0,253,1,364.8
14887.0,79,1,1862.0
14888.0,207,1,369.2
14889.0,336,1,135.9
14890.0,254,3,817.25
14891.0,148,4,1106.73
14892.0,691,1,202.35000000000002
14893.0,10,3,1809.6100000000001
14894.0,85,3,1492.81
14895.0,8,38,25119.54
14896.0,205,8,1826.0
14897.0,8,8,3140.54
14898.0,23,14,3365.95
14899.0,395,1,1331.38
14900.0,522,1,13.919999999999998
14901.0,11,12,1919.0
14902.0,26,3,1035.6200000000001
14903.0,21,5,2795.33
14904.0,2,4,1630.49
14905.0,158,8,1971.39
14906.0,445,1,68.44
14907.0,3,16,5547.72
14908.0,74,2,381.9
14909.0,437,3,1404.68
14910.0,3,4,434.35
14911.0,1,398,291420.81
14912.0,17,6,1889.25
14913.0,36,8,4073.13
14915.0,91,11,1811.25
14916.0,71,8,3042.95
14917.0,597,2,1123.75
14918.0,116,9,5955.81
14919.0,539,1,359.35
14920.0,213,3,1607.17
14921.0,30,2,1316.07
14922.0,394,2,843.74
14923.0,51,1,749.1
14924.0,246,3,931.01
14926.0,382,2,359.4
14927.0,397,1,308.2
14928.0,628,1,223.91000000000003
14929.0,32,2,836.69
14930.0,109,6,5236.73
14931.0,5,5,1257.68
14932.0,366,2,666.13
14933.0,444,4,1770.0
14934.0,82,5,3503.5
14935.0,297,2,2849.83
14936.0,34,12,12410.81
14937.0,57,3,1621.88
14938.0,562,2,2322.43
14940.0,418,2,531.49
14941.0,579,1,182.1
14942.0,402,4,746.56
14943.0,663,1,107.62
14944.0,30,19,9784.67
14945.0,414,1,179.4
14946.0,14,1,100.9
14947.0,72,6,1049.79
14948.0,23,6,1101.97
14949.0,469,4,515.0
14950.0,19,1,371.2
14951.0,79,1,311.69
14952.0,60,32,17629.35
14953.0,25,4,971.32
14954.0,12,2,462.12
14955.0,733,1,163.77
14956.0,421,1,1325.0
14957.0,253,2,261.69
14958.0,147,6,941.99
14959.0,64,4,695.42
14960.0,8,2,221.27
14961.0,11,22,16410.15
14962.0,271,4,366.91
14963.0,10,12,3123.57
14964.0,247,1,206.21
14965.0,96,2,596.09
14966.0,15,6,1064.26
14967.0,50,6,1982.6100000000001
14968.0,30,2,501.24
14969.0,704,1,906.2299999999999
14970.0,68,12,4919.35
14971.0,35,3,1097.98
14972.0,128,2,145.07
14973.0,107,3,1314.45
14974.0,37,1,89.94
14975.0,57,2,472.39
14976.0,57,7,790.86
14977.0,726,1,31.929999999999996
14978.0,72,10,3112.19
14979.0,735,1,429.66
14980.0,737,1,150.68
14981.0,246,2,372.92
14982.0,572,1,237.78
14983.0,689,1,183.20000000000002
14984.0,19,6,1260.51
14985.0,198,2,292.01
14986.0,376,2,563.1
14987.0,16,8,1550.6499999999999
14988.0,212,7,2038.65
14989.0,662,1,342.4
14990.0,612,2,304.17
14991.0,430,1,314.67
14992.0,442,1,210.5
14993.0,564,1,36.13
14994.0,382,5,946.72
14995.0,39,2,231.98000000000002
14996.0,481,2,442.28999999999996
14997.0,46,4,776.5999999999999
14998.0,170,4,753.18
14999.0,593,1,129.48000000000002
15000.0,48,1,490.52
15001.0,394,2,199.10999999999999
15002.0,116,9,4138.08
15003.0,473,6,1027.03
15004.0,147,1,1220.77
15005.0,16,56,13754.58
15006.0,51,2,757.78
15007.0,159,1,156.91
15008.0,480,2,360.0
15009.0,12,3,1259.43
15010.0,36,1,308.94
15011.0,396,2,416.6
15012.0,54,3,646.26
15013.0,488,10,1610.82
15014.0,43,2,257.67
15015.0,501,13,2354.97
15016.0,173,5,620.89
15017.0,34,1,125.58
15018.0,39,3,496.21
15019.0,267,1,252.81
15020.0,379,1,198.47
15021.0,9,12,2500.59
15022.0,12,5,1133.44
15023.0,3,20,11578.65
15024.0,10,16,3559.39
15025.0,33,2,979.79
15026.0,80,5,1048.89
15027.0,31,10,3195.6
15028.0,8,6,962.94
15029.0,620,1,365.1
15030.0,72,8,1979.91
15031.0,4,14,3102.94
15032.0,256,8,11010.05
15033.0,5,10,2557.18
15034.0,16,14,8231.2
15035.0,90,1,252.73000000000002
15036.0,72,3,429.56
15037.0,376,2,397.76
15038.0,59,9,1146.53
15039.0,10,93,39141.48
15040.0,542,1,7.49
15041.0,170,2,289.4
15042.0,199,2,315.45
15043.0,31,6,2870.3199999999997
15044.0,19,35,16024.15
15045.0,152,2,735.66
15046.0,9,25,7623.79
15047.0,270,1,343.62
15048.0,65,4,381.0
15049.0,274,1,121.17000000000002
15050.0,25,5,4087.19
15051.0,23,9,3926.91
15052.0,319,1,207.73000000000002
15053.0,5,3,693.95
15054.0,12,2,302.1
15055.0,475,3,549.12
15056.0,520,1,113.65
15057.0,275,5,3255.96
15058.0,25,16,3387.58
15059.0,41,19,3491.2
15060.0,8,4,294.25
15061.0,4,127,126389.02
15062.0,71,8,2585.62
15063.0,213,1,370.79999999999995
15064.0,410,4,1254.41
15065.0,38,5,3326.86
15066.0,53,1,893.59
15067.0,78,5,3862.88
15068.0,46,4,1174.9
15069.0,179,1,1109.53
15070.0,373,3,737.05
15071.0,94,4,1455.56
15072.0,479,1,187.51999999999998
15073.0,10,8,2788.02
15074.0,105,3,1553.13
15075.0,78,1,773.03
15076.0,173,3,1447.74
15077.0,495,2,2428.08
15078.0,7,53,17286.73
15079.0,213,11,3625.4
15080.0,428,2,546.25
15081.0,22,12,1854.57
15082.0,669,1,93.35000000000001
15083.0,257,1,88.2
15084.0,380,2,965.1999999999999
15085.0,730,1,347.54
15086.0,565,2,218.53
15087.0,282,1,306.94
15088.0,21,2,1160.07
15089.0,10,6,2420.84
15090.0,308,1,381.32
15091.0,68,3,1046.6100000000001
15092.0,215,3,776.46
15093.0,18,23,13702.380000000001
15094.0,463,2,83.0
15095.0,104,10,3141.64
15096.0,43,1,219.39000000000001
15097.0,4,3,908.35
15098.0,182,3,39916.5
15099.0,84,1,410.48
15100.0,334,7,2193.8999999999996
15101.0,9,6,1477.94
15102.0,531,2,554.67
15103.0,31,2,703.36
15104.0,197,2,993.54
15105.0,18,9,3094.91
15106.0,18,5,1422.52
15107.0,311,9,824.35
15108.0,142,4,1300.25
15109.0,246,3,983.1
15110.0,24,6,1505.85
15111.0,29,5,2442.37
15112.0,611,1,209.4
15113.0,10,3,3509.43
15114.0,30,12,3400.12
15115.0,18,2,531.85
15116.0,18,4,1352.75
15117.0,15,8,2485.97
15118.0,134,1,244.8
15119.0,246,1,266.4
15120.0,134,1,358.82
15121.0,50,2,457.71999999999997
15122.0,114,11,4487.27
15123.0,7,5,4656.17
15124.0,23,4,450.82
15125.0,25,24,17024.87
15126.0,537,2,449.49
15127.0,66,2,711.5
15128.0,60,5,1783.68
15129.0,50,23,6860.18
15130.0,170,1,330.11
15131.0,395,1,80.28
15132.0,18,5,977.9300000000001
15133.0,128,5,1806.9
15134.0,15,10,1596.29
15135.0,239,2,305.68
15136.0,3,4,1286.7
15137.0,521,2,823.4
15138.0,394,1,502.52
15139.0,240,2,178.96
15140.0,52,8,3243.69
15141.0,458,7,1388.47
15142.0,46,6,2619.92
15143.0,226,2,563.63
15144.0,8,29,12160.31
15145.0,4,4,1194.73
15146.0,165,2,1327.16
15147.0,240,1,623.5
15148.0,11,1,301.29
15149.0,134,5,1554.6100000000001
15150.0,17,13,8977.94
15151.0,423,2,2085.61
15152.0,10,14,5263.83
15153.0,31,1,329.25
15154.0,75,3,1343.72
15155.0,383,1,383.96999999999997
15156.0,1,3,961.49
15157.0,4,5,2654.11
15158.0,45,2,606.02
15159.0,2,34,22116.73
15160.0,357,4,589.27
15161.0,388,1,119.92
15162.0,731,1,312.9
15163.0,18,2,304.47
15164.0,69,9,2028.1100000000001
15165.0,373,1,487.75
15166.0,468,1,167.16
15167.0,321,5,1627.62
15168.0,26,1,106.56
15169.0,382,2,569.22
15170.0,407,1,81.15
15171.0,331,1,1289.5
15172.0,9,5,1624.05
15173.0,381,7,1494.6
15174.0,323,2,481.46
15175.0,72,1,224.14
15176.0,668,1,988.04
15177.0,426,1,948.93
15178.0,260,1,40.5
15179.0,18,13,7491.92
15180.0,367,3,816.9300000000001
15181.0,66,5,1200.2
15182.0,154,11,2998.952
15183.0,548,3,639.93
15184.0,29,4,685.39
15185.0,70,1,310.62
15186.0,14,5,1403.2
15187.0,2,16,4777.18
15188.0,725,1,310.43
15189.0,1,46,17524.38
15190.0,434,1,834.4399999999999
15191.0,463,3,588.05
15192.0,120,5,1666.3899999999999
15193.0,61,1,499.32
15194.0,3,28,12021.53
15195.0,3,1,3861.0
15196.0,433,2,313.7
15197.0,11,6,1877.51
15198.0,92,5,571.35
15199.0,59,10,3122.4
15200.0,495,1,549.05
15201.0,87,7,1842.95
15202.0,420,3,6001.49
15203.0,26,15,4400.18
15204.0,357,1,316.58
15205.0,85,2,653.24
15206.0,10,4,420.3
15207.0,416,3,683.92
15208.0,1,6,970.52
15209.0,730,1,178.98000000000002
15210.0,225,3,1176.19
15211.0,60,2,894.4100000000001
15212.0,241,2,208.28
15213.0,319,2,328.35
15214.0,2,8,1661.44
15215.0,47,7,2422.43
15216.0,88,2,486.09
15217.0,563,1,426.24
15218.0,11,22,11468.83
15219.0,176,2,685.45
15220.0,52,6,1778.96
15221.0,366,4,2062.2
15222.0,319,11,3550.91
15223.0,226,5,1417.95
15224.0,358,5,871.36
15225.0,234,1,409.40000000000003
15226.0,311,1,154.41
15227.0,37,9,2488.4900000000002
15228.0,66,6,5580.2699999999995
15229.0,586,1,160.5
15230.0,239,2,429.6
15231.0,621,1,250.26
15232.0,113,2,612.06
15233.0,401,1,59.400000000000006
15234.0,277,1,197.0
15235.0,218,16,2772.76
15236.0,299,1,321.05
15237.0,2,4,1412.32
15238.0,29,3,1071.99
15239.0,10,2,780.59
15240.0,45,12,4459.98
15241.0,67,11,3050.16
15242.0,422,1,302.04
15243.0,74,2,927.28
15244.0,65,3,912.08
15245.0,134,8,4610.84
15246.0,238,3,780.4
15247.0,122,3,976.06
15248.0,411,3,1893.93
15249.0,32,18,9266.0
15250.0,641,1,60.0
15251.0,9,21,20324.54
15252.0,36,5,2103.41
15253.0,16,8,2055.09
15254.0,127,3,1088.35
15255.0,67,9,3706.02
15256.0,149,2,170.4
15257.0,283,2,685.9
15258.0,169,2,623.16
15259.0,513,4,1182.3799999999999
15260.0,100,25,8767.73
15261.0,135,4,1508.0
15262.0,324,3,418.82
15263.0,107,1,156.51
15264.0,64,2,848.4
15265.0,151,4,3345.64
15266.0,338,5,852.21
15267.0,22,5,1717.36
15268.0,479,3,961.9000000000001
15269.0,24,3,1225.3600000000001
15270.0,16,21,8524.86
15271.0,7,24,4528.54
15272.0,57,6,2030.95
15273.0,600,1,228.96
15274.0,4,2,716.57
15275.0,38,1,615.14
15276.0,66,4,619.8
15277.0,47,2,476.34
15278.0,562,4,496.15999999999997
15279.0,355,5,1580.54
15280.0,172,3,397.52
15281.0,59,16,8543.57
15282.0,570,1,348.59
15283.0,390,3,148.32999999999998
15284.0,500,1,24.75
15285.0,408,1,94.92
15286.0,50,1,240.55
15287.0,22,5,856.03
15288.0,43,10,3715.38
15289.0,29,5,1593.09
15290.0,5,26,10496.28
15291.0,26,40,13517.76
15292.0,201,1,178.39
15293.0,666,1,247.5
15294.0,411,1,233.35
15295.0,654,1,207.04
15296.0,51,12,10323.03
15297.0,10,3,641.94
15298.0,2,23,9061.77
15299.0,67,10,6156.53
15300.0,64,1,496.44
15301.0,51,17,6909.67
15302.0,730,1,308.0
15303.0,290,3,1224.18
15304.0,61,9,796.4
15305.0,555,1,93.6
15306.0,64,9,3484.73
15307.0,96,1,205.3
15308.0,274,1,310.47
15309.0,611,4,797.96
15310.0,479,1,1634.64
15311.0,1,208,114966.42
15312.0,75,12,2930.19
15313.0,110,1,52.0
15314.0,199,3,820.4499999999999
15315.0,64,2,570.5
15316.0,327,1,165.0
15317.0,677,1,129.75
15318.0,4,1,312.62
15319.0,284,1,204.5
15320.0,44,1,267.13
15321.0,71,12,6709.7300000000005
15322.0,86,2,1390.86
15323.0,563,3,434.6
15324.0,701,1,140.22000000000003
15325.0,104,8,1601.46
15326.0,334,5,1700.52
15327.0,53,1,208.75
15328.0,408,1,107.24
15329.0,39,11,2958.83
15330.0,32,2,714.9599999999999
15331.0,500,3,767.91
15332.0,366,6,4892.68
15333.0,208,1,1028.56
15334.0,157,3,350.82
15335.0,54,1,170.22
15336.0,402,1,240.5
15337.0,411,1,373.02
15338.0,677,1,277.93
15339.0,66,7,1821.02
15340.0,562,1,105.5
15341.0,81,2,2402.72
15342.0,130,1,406.09
15343.0,87,1,364.5
15344.0,1,3,563.94
15345.0,46,1,393.54
15346.0,333,3,596.12
15347.0,366,4,1162.0
15348.0,72,1,158.04
15349.0,158,2,463.91
15350.0,373,2,547.6
15351.0,12,10,3430.22
15352.0,549,1,111.15
15353.0,255,7,2794.47
15354.0,603,3,284.4
15355.0,29,2,277.05
15356.0,31,13,3239.57
15358.0,5,42,16425.86
15359.0,663,8,181.35
15360.0,40,1,427.93
15361.0,362,4,689.07
15362.0,449,2,613.08
15363.0,373,2,678.11
15364.0,96,2,913.19
15365.0,26,13,4557.13
15366.0,75,7,2389.08
15367.0,57,11,5081.33
15368.0,21,2,722.74
15369.0,492,11,6251.26
15370.0,41,8,3739.01
15371.0,662,1,59.400000000000006
15372.0,137,8,6017.0599999999995
15373.0,8,17,3084.54
15374.0,129,2,307.32
15375.0,690,1,60.959999999999994
15376.0,40,3,1221.56
15377.0,383,4,1211.75
15378.0,463,2,246.5
15379.0,169,8,4877.84
15380.0,9,11,3248.96
15381.0,214,5,1890.57
15382.0,15,12,13733.55
15384.0,170,4,2027.79
15385.0,40,3,942.08
15386.0,186,1,394.14
15387.0,492,1,468.65
15388.0,270,1,140.54
15389.0,172,5,2733.8
15390.0,396,2,1216.66
15391.0,584,1,289.87
15392.0,5,7,2911.62
15393.0,16,5,891.34
15394.0,10,11,5286.8
15395.0,326,1,107.45
15396.0,113,2,796.38
15397.0,290,1,94.0
15398.0,16,2,1345.53
15399.0,1,3,815.77
15400.0,92,8,1302.3
15401.0,452,2,216.95
15402.0,149,6,1830.54
15403.0,492,2,170.88
15404.0,376,1,257.06
15405.0,189,2,659.84
15406.0,31,4,975.87
15407.0,34,4,1046.74
15408.0,264,1,267.18
15409.0,721,1,131.25
15410.0,84,10,4685.72
15411.0,26,4,1348.93
15412.0,171,1,190.53
15413.0,692,5,6798.72
15414.0,10,3,774.9
15415.0,313,1,559.61
15416.0,65,7,4572.82
15417.0,85,1,508.8
15418.0,425,2,449.42
15419.0,25,1,135.86
15420.0,434,6,743.0
15421.0,59,10,3805.34
15422.0,323,7,1619.97
15423.0,38,3,266.89
15424.0,254,3,597.78
15425.0,400,4,1941.1200000000001
15426.0,19,9,2156.35
15427.0,33,3,1430.54
15428.0,15,4,762.75
15429.0,27,2,397.35
15430.0,468,2,954.75
15431.0,503,1,153.24
15432.0,23,2,320.76
15433.0,214,2,533.3
15434.0,8,11,2567.06
15435.0,22,1,149.29
15436.0,12,3,1067.75
15437.0,262,2,393.45
15438.0,131,1,156.57999999999998
15439.0,405,4,1269.05
15440.0,55,3,383.68
15441.0,396,3,1254.21
15442.0,249,1,594.0
15443.0,2,14,5114.2300000000005
15444.0,9,2,1411.21
15445.0,264,2,284.5
15446.0,377,3,399.75
15447.0,331,5,492.88
15448.0,313,2,788.81
15449.0,26,3,974.52
15450.0,30,1,429.84
15451.0,434,2,226.86
15452.0,30,6,1785.1100000000001
15453.0,2,7,1371.77
15454.0,362,2,305.99
15455.0,598,1,38.25
15456.0,283,10,2091.52
15457.0,262,1,237.07
15458.0,25,2,370.44
15459.0,417,2,202.82999999999998
15460.0,354,1,214.26
15461.0,461,2,429.7
15462.0,94,4,737.05
15463.0,29,1,126.14
15464.0,338,1,1044.65
15465.0,20,32,12100.4
15466.0,85,4,1560.46
15467.0,9,3,524.88
15468.0,51,3,1430.48
15469.0,50,3,874.25
15470.0,576,1,63.419999999999995
15471.0,2,3,1292.01
15472.0,113,1,371.56
15473.0,14,8,2046.0
15474.0,596,1,150.35
15475.0,77,1,454.11
15476.0,380,4,2209.98
15477.0,650,1,368.4
15478.0,40,3,1983.48
15479.0,733,1,147.4
15480.0,116,5,6279.0
15481.0,401,1,1993.34
15482.0,16,19,14417.36
15483.0,161,10,817.82
15484.0,1,6,4652.1
15485.0,30,7,4810.92
15486.0,527,1,102.0
15487.0,680,1,231.32
15488.0,93,5,431.92
15489.0,23,8,2419.61
15490.0,430,1,210.85
15491.0,95,6,3100.09
15492.0,28,2,659.4599999999999
15493.0,33,9,4121.68
15494.0,21,5,3702.6
15495.0,379,1,246.5
15496.0,631,1,146.14
15497.0,18,9,8657.39
15498.0,3,44,24972.86
15499.0,724,1,158.65
15500.0,8,4,1131.56
15501.0,405,2,399.95
15502.0,16,14,13003.869999999999
15503.0,363,2,257.3
15504.0,81,4,402.7
15505.0,53,5,3610.96
15506.0,23,6,2030.33
15507.0,172,1,475.86
15508.0,189,6,1000.27
15509.0,380,1,152.41
15510.0,331,1,250.0
15511.0,12,5,900.53
15512.0,156,4,331.58
15513.0,33,35,26437.05
15514.0,12,18,6392.06
15515.0,387,1,171.81
15516.0,45,3,62.43
15517.0,233,1,267.03
15518.0,64,15,4189.99
15519.0,383,2,344.61
15520.0,2,1,343.5
15521.0,40,16,7098.24
15522.0,33,2,397.99
15523.0,84,16,17259.19
15524.0,25,2,591.4
15525.0,2,4,890.22
15526.0,33,2,148.44
15527.0,19,23,5554.89
15528.0,254,1,229.33
15529.0,23,12,4783.66
15530.0,22,5,1808.68
15531.0,8,2,1972.39
15532.0,25,10,3738.85
15533.0,19,3,807.57
15534.0,726,1,162.25
15535.0,173,6,1044.37
15536.0,409,1,259.09
15537.0,163,1,110.92
15538.0,538,6,3358.4
15539.0,7,1,538.46
15540.0,11,2,460.68
15541.0,114,1,85.13000000000001
15542.0,512,3,855.71
15543.0,288,2,242.26
15544.0,9,20,7807.89
15545.0,54,2,288.96999999999997
15546.0,607,2,1079.1000000000001
15547.0,7,26,10057.05
15548.0,596,1,158.09
15549.0,77,8,2334.16
15550.0,4,12,2211.05
15551.0,37,7,1679.81
15552.0,217,2,252.52
15553.0,60,1,428.93
15554.0,278,1,217.2
15555.0,12,36,11243.91
15556.0,24,1,279.77
15557.0,29,1,468.91
15558.0,639,1,202.68
15559.0,568,1,1109.4
15560.0,398,2,153.52
15561.0,12,8,1934.3899999999999
15562.0,352,3,671.4300000000001
15563.0,22,7,2859.46
15564.0,463,2,70.74000000000001
15565.0,50,2,173.16000000000003
15566.0,393,2,227.87
15567.0,19,1,186.01
15568.0,3,3,758.29
15569.0,104,10,3583.45
15570.0,7,25,8736.49
15571.0,12,14,3892.35
15572.0,5,10,3965.2
15573.0,32,5,1188.42
15574.0,178,6,1101.44
15575.0,620,1,30.1
15576.0,38,1,921.37
15577.0,151,5,396.03
15578.0,162,1,127.1
15579.0,69,5,1250.63
15580.0,377,8,1375.39
15581.0,121,38,7480.4
15582.0,25,3,682.9100000000001
15583.0,376,1,95.96
15584.0,24,6,1268.2
15585.0,177,1,455.3
15586.0,593,3,1139.1
15587.0,50,7,1522.08
15588.0,678,1,579.6
15589.0,256,3,478.53
15590.0,382,5,1496.6
15591.0,583,3,217.9
15592.0,47,1,388.58
15593.0,71,1,199.8
15594.0,16,5,1771.78
15595.0,488,1,357.59999999999997
15596.0,101,9,2727.72
15597.0,35,2,563.37
15598.0,53,2,548.02
15599.0,27,3,1250.06
15600.0,428,4,1199.31
15601.0,11,30,14191.74
15602.0,8,16,3137.96
15603.0,79,2,88.48
15604.0,52,1,216.39
15605.0,36,9,1741.95
15606.0,61,17,5230.99
15607.0,337,9,1708.97
15608.0,28,5,1785.98
15609.0,184,1,298.48
15610.0,52,1,112.46000000000001
15611.0,10,26,2997.28
15612.0,36,2,195.15
15613.0,610,1,433.71999999999997
15614.0,438,4,3147.36
15615.0,10,47,21373.97
15616.0,438,1,317.11
15617.0,396,3,828.5500000000001
15618.0,33,4,776.851
15619.0,11,1,336.4
15620.0,57,4,1942.36
15621.0,4,4,1293.03
15622.0,43,17,7852.61
15623.0,141,8,2437.05
15624.0,117,4,588.13
15625.0,104,9,3236.4
15626.0,75,3,1067.52
15627.0,457,2,566.9
15628.0,5,17,5333.08
15629.0,450,4,2240.9
15630.0,45,3,1481.4
15631.0,642,1,596.67
15632.0,16,8,3285.31
15633.0,509,13,4335.96
15634.0,17,2,554.65
15635.0,396,1,100.35
15636.0,90,4,1444.58
15637.0,53,5,797.59
15638.0,379,6,2265.2
15639.0,134,3,1065.08
15640.0,4,29,23494.31
15641.0,105,12,5345.55
15642.0,730,1,105.78
15643.0,192,3,664.0
15644.0,166,4,803.54
15645.0,19,3,1055.17
15646.0,158,5,784.8100000000001
15647.0,415,1,169.0
15648.0,204,2,639.5
15649.0,336,4,1660.35
15650.0,522,2,553.88
15651.0,37,5,1259.06
15652.0,91,5,1405.94
15653.0,93,2,877.44
15654.0,9,2,922.53
15655.0,243,1,560.6700000000001
15656.0,45,4,748.5
15657.0,23,1,30.0
15658.0,190,8,2117.27
15659.0,44,3,532.49
15660.0,25,15,2603.69
15661.0,317,8,1215.95
15662.0,661,2,283.73
15663.0,106,1,138.14
15664.0,51,4,1254.03
15665.0,168,5,3987.07
15666.0,472,2,632.94
15667.0,40,1,301.32
15668.0,218,1,76.32000000000001
15669.0,40,4,684.34
15670.0,297,2,325.2
15671.0,19,7,2657.13
15672.0,725,1,45.300000000000004
15673.0,88,9,6204.32
15674.0,73,13,6948.2300000000005
15675.0,81,4,542.04
15676.0,19,3,3435.76
15677.0,49,3,1305.6299999999999
15678.0,53,3,1825.94
15679.0,24,4,781.28
15680.0,9,10,4028.69
15681.0,25,14,2989.7
15682.0,599,2,318.24
15683.0,117,2,524.54
15684.0,547,3,173.95
15685.0,450,1,55.980000000000004
15686.0,420,1,90.0
15687.0,9,9,2993.1
15688.0,419,1,190.57
15689.0,120,3,521.03
15690.0,4,2,239.76
15691.0,252,4,571.3
15692.0,28,1,191.04
15693.0,659,1,37.5
15694.0,1,24,9978.48
15695.0,267,4,1131.04
15696.0,33,13,3881.2200000000003
15697.0,690,1,246.75
15698.0,624,1,46.2
15699.0,18,1,309.65
15700.0,172,2,696.68
15701.0,2,4,1529.0
15702.0,476,2,140.39
15703.0,265,1,211.5
15704.0,140,6,3734.6600000000003
15705.0,201,1,143.1
15706.0,64,4,1060.56
15707.0,35,4,916.98
15708.0,41,9,3887.15
15709.0,284,2,327.85
15710.0,417,1,898.87
15711.0,557,2,420.25
15712.0,9,12,3472.41
15713.0,143,4,839.64
15714.0,12,5,783.96
15715.0,556,5,658.02
15716.0,146,11,2485.26
15717.0,234,5,607.0
15718.0,540,1,293.79
15719.0,33,31,10195.97
15720.0,24,2,739.22
15721.0,12,1,471.40000000000003
15722.0,36,11,5234.0
15723.0,365,4,930.7
15724.0,201,3,310.85
15725.0,15,1,415.25
15726.0,390,1,321.91
15727.0,17,15,9371.71
15728.0,380,2,544.6
15729.0,213,3,192.55
15730.0,66,5,1726.58
15731.0,554,1,125.3
15732.0,212,10,1543.97
15733.0,283,1,162.3
15734.0,115,4,2263.3
15735.0,421,1,327.68
15736.0,435,2,1767.12
15737.0,15,8,1188.12
15738.0,19,41,13043.32
15739.0,66,1,449.12
15740.0,49,1,154.88
15741.0,458,2,208.62
15742.0,619,1,156.87
15743.0,16,4,775.96
15744.0,78,1,34.8
15745.0,19,4,1094.59
15746.0,134,1,196.88
15747.0,13,9,2499.81
15748.0,40,3,609.81
15749.0,235,3,44534.3
15750.0,3,18,6452.991
15751.0,461,11,1380.44
15752.0,40,9,3924.91
15753.0,305,1,79.2
15754.0,51,9,3037.61
15755.0,10,17,5993.12
15756.0,61,4,528.01
15757.0,66,6,2940.36
15758.0,25,1,205.25
15759.0,218,7,830.9300000000001
15760.0,631,2,13916.34
15761.0,443,1,143.05
15762.0,65,2,583.75
15763.0,32,2,1086.92
15764.0,88,8,4503.08
15765.0,667,1,370.63
15766.0,64,3,831.0600000000001
15768.0,116,34,15308.89
15769.0,7,46,88612.52
15770.0,613,1,321.45
15771.0,604,3,1006.54
15772.0,418,1,280.88
15773.0,6,2,774.52
15774.0,69,6,1288.34
15775.0,245,2,150.5
15776.0,133,1,241.62
15777.0,241,7,1762.61
15778.0,431,1,307.95
15779.0,463,2,124.08000000000001
15780.0,184,3,475.28000000000003
15781.0,25,3,345.46
15782.0,10,4,4014.1
15783.0,11,1,246.3
15784.0,468,2,848.33
15785.0,33,16,5969.93
15786.0,46,5,8501.62
15787.0,26,3,933.26
15788.0,509,1,221.83
15789.0,358,6,1962.01
15790.0,10,1,218.75
15791.0,44,5,3608.34
15792.0,400,2,933.84
15793.0,15,8,2399.57
15794.0,736,2,777.0
15795.0,150,8,1979.8700000000001
15796.0,1,17,5171.63
15797.0,113,6,2821.08
15798.0,493,3,1535.37
15799.0,76,4,1421.34
15800.0,107,7,1227.07
15801.0,46,3,1063.95
15802.0,143,1,451.42
15803.0,51,4,1929.66
15804.0,1,13,4206.39
15805.0,23,30,10148.93
15806.0,46,3,784.58
15807.0,50,5,1817.52
15808.0,306,21,17180.25
15809.0,36,7,1274.44
15810.0,79,8,2999.04
15811.0,22,7,3486.15
15812.0,107,12,5201.47
15813.0,208,2,1303.9099999999999
15814.0,17,6,2634.44
15815.0,64,5,2100.6
15816.0,542,2,144.14999999999998
15817.0,421,3,2766.4
15818.0,588,1,340.5
15819.0,49,10,3934.79
15820.0,320,1,206.98
15821.0,44,2,570.96
15822.0,3,6,1840.06
15823.0,372,3,3882.17
15824.0,453,2,890.94
15825.0,172,1,532.94
15826.0,56,4,2598.28
15827.0,73,28,3603.14
15828.0,375,1,1108.82
15829.0,99,2,636.14
15830.0,38,1,576.0
15831.0,58,3,794.64
15832.0,254,1,836.79
15833.0,738,1,80.4
15834.0,70,7,3764.39
15835.0,44,4,954.09
15836.0,50,1,137.37
15837.0,65,2,777.01
15838.0,11,34,73205.5
15839.0,33,3,1048.49
15840.0,59,2,355.56
15841.0,73,9,2742.41
15842.0,393,2,548.8
15843.0,304,1,118.95
15844.0,46,1,130.73999999999998
15845.0,18,11,4426.28
15846.0,385,1,107.01
15847.0,38,5,822.57
15848.0,622,1,137.99
15850.0,19,6,1006.75
15851.0,527,1,109.73
15852.0,187,3,257.26
15853.0,52,1,110.8
15854.0,4,21,5578.28
15855.0,137,6,1052.72
15856.0,4,52,32275.95
15857.0,19,2,570.48
15858.0,16,13,3552.41
15859.0,432,1,438.46
15860.0,41,17,2361.3
15861.0,12,12,4369.2
15862.0,8,13,2512.29
15863.0,26,5,355.1
15864.0,22,7,2180.76
15865.0,41,5,2241.42
15866.0,101,1,211.89
15867.0,5,31,8923.3
15868.0,583,1,94.53
15869.0,277,3,321.11
15870.0,33,4,857.46
15871.0,437,1,33.099999999999994
15872.0,15,4,729.25
15873.0,500,4,313.91999999999996
15874.0,64,21,11284.76
15875.0,646,1,108.52
15876.0,409,2,1449.14
15877.0,2,2,490.33
15878.0,562,2,330.77
15879.0,404,4,1137.8
15880.0,369,1,329.03000000000003
15881.0,312,5,501.39
15882.0,199,8,1124.66
15883.0,2,2,396.48
15884.0,432,2,244.60000000000002
15885.0,93,15,1951.82
15886.0,60,4,1052.8700000000001
15887.0,407,3,1027.15
15888.0,81,3,429.16
15889.0,157,8,1427.6
15890.0,395,5,535.65
15891.0,227,1,511.68
15892.0,669,1,128.2
15893.0,482,1,305.28000000000003
15894.0,253,2,258.25
15895.0,150,1,179.17
15897.0,194,2,208.59
15898.0,1,25,4996.45
15899.0,369,1,56.25
15900.0,24,4,886.57
15901.0,17,7,687.72
15902.0,380,1,145.01
15903.0,10,12,8939.84
15904.0,8,1,164.68
15905.0,543,1,114.69
15906.0,20,10,2530.19
15907.0,4,3,882.72
15908.0,491,2,758.62
15909.0,174,1,191.94
15910.0,1,15,2661.17
15911.0,624,8,1700.24
15912.0,178,9,1074.7
15913.0,534,1,6.300000000000001
15914.0,378,2,205.99
15915.0,402,1,364.45
15916.0,16,13,3145.2400000000002
15917.0,248,5,530.17
15918.0,191,3,582.88
15919.0,20,2,525.69
15920.0,154,9,569.14
15921.0,173,4,775.26
15922.0,373,1,369.5
15923.0,373,1,127.08
15924.0,731,1,102.82
15925.0,194,1,207.15
15926.0,542,1,134.44
15927.0,647,1,106.54
15928.0,656,1,293.53
15929.0,644,1,594.0
15930.0,67,1,426.63
15931.0,428,1,239.9
15932.0,4,8,2495.87
15933.0,21,3,1107.46
15934.0,418,2,2190.66
15935.0,239,2,416.86
15936.0,379,2,282.79
15937.0,64,1,145.35
15938.0,112,9,734.81
15939.0,90,16,9060.39
15940.0,311,1,35.8
15941.0,637,1,405.0
15942.0,134,1,337.44
15943.0,650,2,271.28999999999996
15944.0,277,4,2164.24
15945.0,365,4,646.27
15946.0,503,3,2304.18
15947.0,83,1,1708.24
15948.0,8,3,1509.09
15949.0,17,2,364.72
15950.0,32,10,7120.91
15951.0,9,3,1013.1700000000001
15952.0,34,4,781.91
15953.0,15,18,3440.34
15954.0,589,1,190.75
15955.0,24,22,8085.9800000000005
15956.0,551,2,617.6
15957.0,32,3,921.25
15958.0,74,4,462.12
15959.0,682,3,542.89
15960.0,374,4,410.95
15961.0,379,1,451.28999999999996
15962.0,449,1,289.48
15963.0,20,2,470.76
15964.0,663,1,269.21000000000004
15965.0,17,13,2771.94
15966.0,451,1,426.53
15967.0,23,12,2966.0
15968.0,388,1,404.55
15969.0,3,5,1127.05
15970.0,304,2,1017.3199999999999
15971.0,18,18,5902.83
15972.0,456,5,1769.33
15973.0,367,3,680.62
15974.0,39,7,3442.15
15975.0,84,1,371.01
15976.0,165,6,1694.41
15977.0,17,2,1054.73
15978.0,77,3,3279.42
15979.0,603,1,329.21999999999997
15980.0,89,7,6543.68
15981.0,25,21,9362.77
15982.0,605,1,324.51
15983.0,22,8,3110.37
15984.0,3,30,8393.02
15985.0,123,7,2715.28
15986.0,30,2,354.42
15987.0,12,8,1535.99
15988.0,19,3,738.89
15989.0,376,2,368.31
15990.0,44,7,1997.75
15991.0,534,1,150.55
15992.0,4,3,896.6
15993.0,9,7,2777.67
15994.0,55,3,1175.68
15995.0,414,1,694.54
15996.0,88,7,1386.4
15998.0,37,16,8274.14
15999.0,736,1,20.4
16000.0,3,3,12393.7
16001.0,381,1,583.39
16002.0,625,1,169.21
16003.0,30,10,5613.83
16004.0,475,5,2146.39
16005.0,12,10,2365.4900000000002
16006.0,211,2,332.82
16007.0,48,7,3053.06
16008.0,24,15,5339.13
16009.0,22,4,972.11
16010.0,246,11,1694.86
16011.0,8,29,5601.01
16012.0,35,5,2978.59
16013.0,4,84,56078.44
16014.0,38,5,1100.28
16015.0,4,3,704.55
16016.0,3,11,2083.4
16017.0,47,5,1545.58
16018.0,39,4,698.13
16019.0,47,27,17329.16
16020.0,17,3,851.01
16021.0,395,2,487.03
16022.0,260,1,602.63
16023.0,46,3,719.8100000000001
16024.0,12,3,483.99
16025.0,30,1,439.65999999999997
16026.0,43,1,236.09
16027.0,92,15,2048.36
16028.0,596,1,82.2
16029.0,39,107,117763.62
16030.0,310,1,331.24
16031.0,92,2,547.9
16032.0,456,6,1965.72
16033.0,6,27,10608.81
16034.0,196,6,911.3199999999999
16035.0,560,1,217.73
16036.0,87,4,2556.84
16037.0,270,5,1509.3400000000001
16038.0,8,3,471.78
16039.0,424,2,456.4
16040.0,65,7,2416.9
16041.0,31,3,3166.4
16042.0,22,8,2245.32
16043.0,38,8,1856.5900000000001
16044.0,435,1,340.84000000000003
16045.0,120,8,3434.93
16046.0,562,1,235.78
16047.0,682,1,107.14
16048.0,373,4,818.7900000000001
16049.0,40,6,1852.15
16050.0,174,3,300.7
16051.0,682,1,188.44
16052.0,54,1,362.06
16053.0,33,6,3634.84
16054.0,145,4,2111.88
16055.0,221,1,134.8
16056.0,45,1,650.75
16057.0,16,10,3854.85
16058.0,406,1,62.7
16059.0,66,12,3053.57
16060.0,401,3,541.95
16061.0,431,1,89.65
16062.0,10,8,2863.45
16063.0,260,1,335.32
16064.0,725,1,109.31
16065.0,365,8,1992.13
16066.0,17,5,1521.04
16067.0,563,3,3269.11
16068.0,594,1,115.73
16069.0,418,1,457.7
16070.0,22,2,852.15
16071.0,45,4,1076.8
16072.0,288,4,4180.09
16073.0,297,1,122.4
16074.0,390,1,252.5
16075.0,503,2,736.9300000000001
16076.0,3,10,2234.73
16077.0,626,1,2300.4
16078.0,284,2,362.99
16079.0,17,3,1352.0
16080.0,82,4,602.5600000000001
16081.0,56,8,4278.96
16082.0,670,1,106.75
16083.0,101,4,2351.42
16084.0,299,1,436.18
16085.0,23,12,2341.03
16086.0,59,10,2687.73
16087.0,389,5,1739.92
16088.0,576,2,1437.43
16089.0,386,2,263.49
16090.0,624,1,180.56
16091.0,155,2,315.06
16092.0,115,6,1587.94
16093.0,107,1,17.0
16094.0,12,11,3695.56
16095.0,456,1,447.05
16096.0,264,4,1584.97
16097.0,240,1,185.04999999999998
16098.0,88,14,4010.7
16099.0,50,7,1573.2
16100.0,463,1,582.64
16101.0,71,4,3229.16
16102.0,42,3,1842.14
16103.0,7,22,6191.71
16104.0,62,9,2774.46
16105.0,249,5,2386.19
16106.0,66,1,108.38
16107.0,18,7,3204.1600000000003
16108.0,85,4,2235.92
16109.0,219,3,939.48
16110.0,45,4,1781.59
16111.0,428,1,549.33
16112.0,143,4,195.74
16113.0,183,1,161.38
16114.0,171,1,135.75000000000003
16115.0,10,12,2553.8
16116.0,212,1,612.78
16117.0,190,3,654.4
16118.0,653,1,4376.25
16119.0,8,8,1720.81
16120.0,59,6,2967.5099999999998
16121.0,57,5,1450.04
16122.0,73,6,895.62
16123.0,52,1,307.78
16124.0,317,4,1772.49
16125.0,367,14,4292.35
16126.0,29,15,14644.6
16127.0,39,2,801.3100000000001
16128.0,18,11,3801.05
16129.0,407,3,1396.05
16130.0,422,4,987.48
16131.0,52,12,9957.42
16132.0,544,2,664.1999999999999
16133.0,4,56,22992.26
16134.0,22,5,2145.34
16135.0,263,2,819.4499999999999
16136.0,60,4,946.8000000000001
16137.0,680,1,422.7
16138.0,379,3,910.35
16139.0,19,5,1111.15
16140.0,66,3,1433.46
16141.0,88,2,955.94
16142.0,250,1,535.34
16143.0,3,12,4555.08
16144.0,247,1,175.2
16145.0,9,19,6805.4400000000005
16146.0,157,4,946.38
16147.0,134,5,2398.91
16148.0,296,2,386.62
16149.0,5,3,422.21999999999997
16150.0,43,10,4002.17
16152.0,269,1,1829.04
16153.0,50,11,5133.49
16155.0,382,5,796.9
16156.0,9,20,6188.18
16157.0,16,3,656.69
16158.0,522,9,628.32
16159.0,282,4,1232.79
16160.0,65,2,1025.44
16161.0,2,43,12580.06
16162.0,252,1,37.4
16163.0,232,6,2407.98
16164.0,17,3,822.48
16165.0,505,1,79.9
16166.0,428,2,435.83
16167.0,414,5,1386.12
16168.0,11,66,10360.67
16169.0,8,4,1822.97
16170.0,51,20,6869.0
16171.0,59,1,73.19999999999999
16172.0,95,8,1884.55
16173.0,16,6,1418.32
16174.0,126,7,2246.75
16175.0,94,7,1836.44
16176.0,421,4,2052.69
16177.0,50,8,2247.31
16178.0,138,2,612.6
16179.0,61,1,215.83
16180.0,100,13,16249.87
16181.0,73,1,305.54
16182.0,72,9,9971.65
16183.0,67,4,1077.81
16184.0,64,6,1158.79
16185.0,17,3,644.72
16186.0,23,26,8718.43
16187.0,32,15,6911.4400000000005
16188.0,45,5,1087.66
16189.0,16,2,215.48
16190.0,40,8,2723.55
16191.0,3,24,15677.82
16192.0,736,1,351.3
16193.0,237,2,630.43
16194.0,375,1,308.6
16195.0,723,1,323.25
16196.0,489,1,93.3
16197.0,469,9,2016.71
16198.0,75,2,1030.0410000000002
16199.0,392,7,942.75
16200.0,4,12,5608.1
16201.0,3,5,2112.12
16202.0,361,9,2501.99
16203.0,59,6,943.84
16204.0,23,3,918.71
16205.0,31,7,1820.11
16206.0,55,13,2589.87
16207.0,25,1,394.38
16208.0,45,10,3440.4500000000003
16209.0,89,9,4146.78
16210.0,2,35,33750.97
16211.0,89,3,1090.59
16212.0,19,4,1293.71
16213.0,79,1,159.0
16214.0,171,4,2038.25
16215.0,81,1,242.35
16216.0,267,1,914.9300000000001
16217.0,235,2,304.25
16218.0,30,13,3968.67
16219.0,501,1,40.8
16221.0,37,9,2019.92
16222.0,318,2,1272.05
16223.0,375,2,1087.05
16224.0,57,5,1616.54
16225.0,45,15,2859.31
16226.0,203,5,672.17
16227.0,225,3,1027.22
16228.0,385,3,885.71
16229.0,87,6,2867.86
16230.0,190,2,542.03
16231.0,379,4,1074.47
16232.0,44,7,2712.97
16233.0,71,9,1818.31
16234.0,476,3,333.18
16235.0,41,9,2053.71
16236.0,78,1,432.2
16237.0,437,1,136.65
16238.0,423,1,63.66
16239.0,57,6,1492.2
16240.0,24,2,3718.8
16241.0,10,16,3992.86
16242.0,8,14,7404.650000000001
16243.0,34,2,409.1
16244.0,212,2,1522.75
16245.0,24,3,1413.66
16246.0,460,2,821.35
16247.0,170,1,114.56
16248.0,62,1,152.94
16249.0,53,5,1800.07
16250.0,261,3,565.24
16251.0,512,1,128.31
16252.0,383,1,295.09000000000003
16253.0,67,7,7272.2
16254.0,378,3,967.44
16255.0,17,15,4530.0
16256.0,267,3,1629.37
16257.0,177,1,46.95
16258.0,45,15,11942.52
16259.0,410,3,340.94
16260.0,51,1,1035.45
16261.0,17,6,1041.16
16262.0,378,1,755.15
16263.0,423,1,348.16
16264.0,438,2,823.53
16265.0,9,12,6935.17
16266.0,74,14,1757.95
16267.0,591,1,186.66
16268.0,71,2,667.65
16269.0,438,1,717.57
16270.0,353,1,1141.24
16271.0,3,10,3397.82
16272.0,117,1,411.7
16273.0,648,2,318.34000000000003
16274.0,373,1,351.75
16275.0,197,3,2151.11
16276.0,177,3,2629.3900000000003
16277.0,734,1,188.69
16278.0,100,3,1117.84
16279.0,21,9,5698.28
16280.0,725,1,238.05
16281.0,72,3,3424.02
16282.0,340,3,1307.5800000000002
16283.0,6,8,4350.32
16284.0,31,3,1018.48
16285.0,646,1,176.9
16286.0,477,2,328.95
16287.0,170,5,1006.98
16288.0,470,1,129.85
16289.0,462,1,136.31
16290.0,465,4,1957.7
16291.0,682,1,117.72
16292.0,122,5,1253.76
16293.0,22,15,4279.2
16294.0,477,1,126.05000000000001
16295.0,10,4,1328.55
16296.0,626,4,1313.67
16297.0,269,1,301.9
16298.0,23,7,1085.7
16299.0,477,1,193.65
16300.0,430,3,1367.32
16301.0,737,1,107.33
16302.0,127,1,233.22
16303.0,26,7,7928.27
16304.0,695,1,381.66
16305.0,139,1,361.21999999999997
16306.0,214,7,1124.72
16307.0,429,3,1194.92
16308.0,38,7,5120.0
16309.0,106,2,706.57
16310.0,414,2,460.08
16311.0,18,2,616.26
16312.0,432,1,171.15
16313.0,3,2,274.15
16314.0,390,3,1491.4
16315.0,331,2,402.71
16316.0,64,13,5744.91
16317.0,120,5,2192.51
16318.0,35,1,328.15
16319.0,218,1,404.40000000000003
16320.0,172,6,5628.99
16321.0,72,7,604.5500000000001
16322.0,1,2,326.75
16323.0,196,2,353.66
16324.0,128,3,408.59000000000003
16325.0,47,12,3597.5
16326.0,6,24,4721.25
16327.0,14,16,10159.64
16328.0,563,1,310.83
16329.0,428,4,1664.92
16330.0,18,7,625.38
16331.0,432,6,2037.7
16332.0,28,11,2000.01
16333.0,8,22,26626.8
16334.0,492,1,263.73
16335.0,552,7,2753.52
16336.0,421,4,3517.69
16337.0,37,1,151.05
16338.0,157,1,214.8
16339.0,284,1,94.05
16340.0,107,3,1496.24
16341.0,25,7,3850.79
16342.0,75,4,322.41
16343.0,16,3,614.12
16344.0,158,4,842.42
16345.0,44,2,1178.79
16346.0,385,1,224.51
16347.0,11,11,3442.96
16348.0,32,8,1744.42
16349.0,291,1,53.5
16350.0,21,9,2253.89
16351.0,333,13,3330.0299999999997
16352.0,18,2,494.44
16353.0,4,38,9795.460000000001
16354.0,63,5,1119.46
16355.0,375,1,416.35
16356.0,198,6,415.87
16357.0,33,4,868.37
16358.0,1,5,2919.65
16359.0,7,16,2697.75
16360.0,5,6,3450.41
16361.0,10,4,891.21
16362.0,32,6,922.16
16363.0,53,1,109.36000000000001
16364.0,12,2,705.79
16365.0,18,15,3167.34
16366.0,19,4,1548.1299999999999
16367.0,37,3,1350.48
16368.0,2,3,621.44
16369.0,18,7,2656.56
16370.0,82,4,1301.91
16371.0,449,1,157.2
16372.0,33,5,1290.31
16373.0,382,2,309.49
16374.0,66,5,1723.4
16375.0,470,2,104.0
16376.0,9,2,974.96
16377.0,267,2,1308.48
16378.0,247,3,362.95
16379.0,4,4,2157.4
16380.0,61,1,1743.1499999999999
16381.0,396,2,247.85
16382.0,408,2,353.1
16383.0,75,7,2896.69
16384.0,90,4,1358.95
16385.0,60,5,881.35
16386.0,29,3,1068.16
16387.0,323,5,882.46
16388.0,654,1,186.05
16389.0,53,4,1382.07
16390.0,537,3,467.5
16391.0,401,4,1052.26
16392.0,270,3,756.7
16393.0,2,23,5297.77
16394.0,57,5,1555.34
16395.0,61,14,3518.41
16396.0,476,1,137.8
16397.0,628,1,123.13
16398.0,154,2,1705.8
16399.0,19,3,630.22
16400.0,95,9,3059.85
16401.0,1,23,6849.15
16402.0,265,2,293.45
16403.0,312,1,177.5
16404.0,70,1,443.05
16405.0,302,2,167.25
16406.0,19,3,528.36
16407.0,13,14,2761.65
16408.0,591,1,231.93
16409.0,36,12,5652.74
16410.0,734,1,130.32
16411.0,19,4,756.39
16412.0,54,5,593.19
16413.0,57,2,522.03
16414.0,22,5,551.21
16415.0,44,3,696.76
16416.0,27,9,2957.88
16417.0,493,1,35.7
16418.0,45,5,1028.74
16419.0,113,8,1463.7
16420.0,396,1,75.0
16421.0,376,3,526.27
16422.0,17,109,61920.87
16423.0,25,1,346.12
16424.0,191,2,443.06
16425.0,302,1,302.7
16426.0,2,10,1863.76
16427.0,263,2,241.06
16428.0,414,3,638.49
16429.0,106,1,284.55
16430.0,57,7,1117.94
16431.0,213,3,623.28
16432.0,64,1,287.40000000000003
16433.0,28,2,384.52
16434.0,29,12,2673.69
16435.0,512,3,1003.0699999999999
16436.0,668,3,319.14
16437.0,381,2,301.25
16438.0,6,5,798.35
16439.0,722,1,310.70000000000005
16440.0,8,6,3856.9700000000003
16441.0,67,5,1019.13
16442.0,2,5,891.98
16443.0,521,1,162.24
16444.0,46,17,3625.88
16445.0,34,4,583.16
16446.0,1,2,168472.5
16447.0,136,3,727.1
16448.0,198,2,361.12
16449.0,198,2,707.69
16450.0,150,3,1505.73
16451.0,88,3,1013.15
16452.0,631,2,332.17
16453.0,531,2,251.71
16454.0,45,4,30.950000000000003
16455.0,64,11,3995.57
16456.0,99,13,6000.94
16457.0,218,1,208.36
16458.0,3,30,5690.89
16459.0,730,1,71.78999999999999
16460.0,28,3,811.23
16461.0,178,3,1545.83
16462.0,74,3,136.0
16463.0,21,4,1422.4
16464.0,20,3,1298.66
16465.0,421,2,746.24
16466.0,34,15,3767.09
16467.0,509,7,2869.16
16468.0,74,3,787.52
16469.0,24,5,803.9
16470.0,52,11,2416.85
16471.0,275,4,1189.98
16472.0,434,2,789.6
16473.0,165,4,470.83
16474.0,7,7,1810.65
16475.0,88,4,544.3
16476.0,432,1,350.35
16477.0,64,11,4094.37
16478.0,25,3,331.0
16479.0,10,2,300.83
16480.0,76,1,769.29
16481.0,682,1,453.38
16482.0,16,1,220.62
16483.0,192,1,139.35
16484.0,174,2,404.3
16485.0,77,5,2287.19
16486.0,538,1,134.36
16487.0,577,2,209.4
16488.0,33,3,498.8
16489.0,380,2,303.7
16490.0,436,1,205.41000000000003
16491.0,47,2,1533.16
16492.0,541,1,385.56
16493.0,80,7,2132.09
16494.0,297,1,826.53
16495.0,3,3,648.26
16496.0,9,6,2330.77
16497.0,50,23,6695.28
16498.0,161,2,100.97
16499.0,360,8,2578.34
16500.0,5,9,843.9100000000001
16501.0,383,1,1191.23
16502.0,620,2,258.55
16503.0,107,11,3614.34
16504.0,25,1,465.88
16505.0,32,1,777.6
16506.0,20,2,90.30000000000001
16507.0,572,1,142.71
16508.0,630,1,240.95
16509.0,297,1,363.70000000000005
16510.0,372,6,1777.5
16511.0,22,6,1760.49
16513.0,5,4,874.59
16515.0,52,10,3179.06
16516.0,30,1,101.69999999999999
16517.0,277,1,162.7
16518.0,61,4,959.37
16519.0,25,4,439.06
16520.0,186,6,2148.38
16521.0,415,3,1140.11
16522.0,436,2,433.36
16523.0,2,28,11916.33
16524.0,446,2,306.19
16525.0,2,48,24151.3
16526.0,172,2,717.21
16527.0,81,2,1232.94
16528.0,4,1,244.41
16529.0,190,4,1986.8
16530.0,668,1,48.35
16531.0,22,11,2298.33
16532.0,18,5,8756.64
16533.0,19,3,1082.81
16534.0,642,1,635.9
16535.0,5,3,972.04
16536.0,110,1,548.12
16537.0,641,1,23.35
16538.0,541,3,395.07
16539.0,3,10,3289.66
16540.0,414,1,205.75
16541.0,735,1,424.03
16542.0,54,2,257.32
16543.0,592,1,292.21
16544.0,520,4,376.70000000000005
16545.0,165,2,689.8199999999999
16546.0,291,5,5307.07
16547.0,546,1,104.25999999999999
16548.0,599,1,30.15
16549.0,10,34,12781.8
16550.0,109,18,8813.58
16551.0,96,7,2237.12
16552.0,243,2,379.73
16553.0,163,33,16584.01
16554.0,42,8,2841.72
16555.0,35,6,1915.68
16556.0,67,17,8012.58
16557.0,24,2,281.85
16558.0,1,38,13304.11
16559.0,397,1,175.0
16560.0,27,8,3048.38
16561.0,6,2,511.12
16562.0,477,1,223.86
16563.0,54,6,4412.56
16564.0,569,1,87.8
16565.0,364,4,773.05
16566.0,15,5,614.66
16567.0,194,2,865.6
16568.0,428,2,1020.9
16569.0,3,5,1455.23
16570.0,15,20,7434.31
16571.0,27,10,4248.74
16572.0,127,3,1009.6
16573.0,85,2,663.61
16574.0,71,3,1301.78
16576.0,420,2,540.87
16577.0,667,1,380.0
16578.0,626,1,156.6
16579.0,426,1,295.05
16581.0,183,1,105.84
16582.0,113,1,313.62
16583.0,374,2,297.95
16584.0,80,5,3156.17
16585.0,594,2,341.59
16586.0,249,3,1462.78
16587.0,232,1,225.15
16588.0,386,4,1361.28
16589.0,71,4,612.36
16590.0,401,2,605.9
16591.0,69,1,213.5
16592.0,4,28,7807.91
16593.0,51,8,1071.14
16594.0,75,1,181.09
16595.0,61,5,1757.75
16596.0,16,4,458.98
16597.0,4,1,90.04
16598.0,286,1,145.05
16599.0,386,1,172.8
16600.0,4,13,2153.41
16601.0,41,3,677.0
16602.0,36,2,763.33
16603.0,75,2,482.47
16604.0,563,2,432.45
16605.0,724,1,60.48
16606.0,404,2,357.66
16607.0,18,25,5706.87
16608.0,454,2,1286.6200000000001
16609.0,15,7,5493.46
16610.0,219,1,75.66
16611.0,186,6,1785.13
16612.0,33,9,3245.4300000000003
16613.0,70,1,618.59
16614.0,183,3,1179.79
16615.0,626,1,291.5
16616.0,15,2,500.42
16617.0,236,1,151.85
16618.0,31,5,2647.59
16619.0,264,4,1938.33
16620.0,4,6,1758.93
16621.0,52,4,813.48
16622.0,544,1,225.4
16623.0,246,4,1015.24
16624.0,81,2,810.57
16625.0,275,5,1654.03
16626.0,1,17,4413.1
16627.0,79,1,322.8
16628.0,30,7,2318.1
16629.0,74,2,408.63
16630.0,407,1,106.80000000000001
16631.0,482,7,1892.52
16632.0,486,2,406.4
16633.0,17,6,2883.1
16634.0,223,6,1649.81
16635.0,407,1,473.0
16636.0,438,4,3802.04
16637.0,32,4,1154.47
16638.0,23,15,2380.13
16639.0,31,4,1747.98
16640.0,398,1,179.4
16641.0,106,2,554.5
16642.0,5,3,1077.45
16643.0,246,2,923.11
16644.0,178,2,833.78
16645.0,736,1,160.39
16646.0,449,1,678.8
16647.0,170,4,541.9
16648.0,43,3,672.8
16649.0,520,1,306.58
16650.0,72,7,1916.11
16651.0,587,1,136.2
16652.0,59,16,17550.39
16653.0,16,2,1212.66
16654.0,141,8,1484.07
16655.0,18,13,6423.26
16656.0,22,30,16833.170000000002
16657.0,10,4,874.43
16658.0,368,6,690.83
16659.0,189,1,39.12
16660.0,16,7,1879.55
16661.0,540,4,932.76
16662.0,394,1,151.05
16663.0,729,1,165.0
16664.0,569,1,109.2
16665.0,362,1,135.4
16666.0,19,2,217.71
16667.0,68,2,567.18
16668.0,15,13,862.42
16669.0,24,3,1348.88
16670.0,17,20,8030.150000000001
16671.0,28,3,1692.27
16672.0,2,20,8134.9400000000005
16673.0,679,1,171.13
16674.0,55,2,304.24
16675.0,442,2,608.86
16676.0,34,6,2361.9
16677.0,411,2,880.62
16678.0,3,12,3109.99
16679.0,366,3,663.31
16680.0,43,3,821.45
16681.0,73,7,1921.8400000000001
16682.0,5,5,1028.0
16683.0,534,1,320.25
16684.0,4,55,147142.77
16685.0,61,2,324.24
16686.0,47,16,4881.07
16687.0,391,1,157.63
16688.0,1,4,1260.86
16689.0,76,2,422.6
16690.0,72,4,353.03000000000003
16691.0,418,2,178.83
16692.0,256,4,1914.6999999999998
16693.0,69,5,1179.48
16694.0,723,1,98.30000000000001
16695.0,562,2,191.9
16696.0,135,4,657.9
16697.0,241,1,112.75
16698.0,227,2,1998.0
16699.0,380,7,994.6
16700.0,9,25,8830.77
16701.0,9,26,9916.73
16702.0,415,4,1110.83
16704.0,618,2,664.16
16705.0,1,42,43515.051
16706.0,37,3,531.35
16707.0,400,4,533.41
16708.0,46,1,656.63
16709.0,85,14,9056.01
16710.0,19,22,5921.35
16711.0,3,9,2868.48
16712.0,9,13,4232.87
16713.0,19,32,14115.56
16714.0,219,4,1497.33
16715.0,78,2,625.52
16716.0,267,3,2149.6800000000003
16717.0,24,14,6663.68
16718.0,369,5,3006.08
16719.0,15,14,3513.62
16720.0,26,3,758.74
16721.0,262,1,292.47
16722.0,17,22,8189.56
16723.0,91,4,1231.36
16724.0,405,1,147.35
16725.0,302,14,1688.26
16726.0,26,7,2063.88
16727.0,364,4,1377.77
16728.0,46,4,1048.28
16729.0,38,21,7205.33
16730.0,52,3,743.11
16731.0,648,1,170.3
16732.0,32,4,4387.64
16733.0,530,1,259.68
16734.0,52,3,646.76
16735.0,79,14,6217.41
16736.0,506,5,2956.56
16737.0,53,2,835.2
16738.0,298,1,3.75
16739.0,177,2,786.43
16740.0,395,1,226.91
16741.0,625,1,173.06
16742.0,47,14,2799.87
16743.0,29,14,4212.15
16744.0,11,7,1291.91
16745.0,87,17,7180.7
16746.0,5,42,18046.75
16747.0,38,2,836.0600000000001
16748.0,18,14,3637.33
16749.0,591,2,4157.88
16750.0,45,5,623.93
16751.0,31,1,1764.72
16752.0,373,1,207.5
16753.0,58,1,223.92000000000002
16754.0,372,29,65500.07
16755.0,114,7,2864.68
16756.0,215,7,1312.3700000000001
16757.0,319,2,270.48
16758.0,65,1,369.34000000000003
16759.0,8,3,789.79
16760.0,430,1,228.0
16761.0,97,1,316.62
16762.0,20,3,1207.24
16763.0,199,2,964.6999999999999
16764.0,4,13,2790.9500000000003
16765.0,294,2,454.75
16766.0,273,2,1145.6
16767.0,31,15,8056.76
16768.0,48,9,1698.57
16769.0,260,4,1117.05
16770.0,58,9,1778.93
16771.0,33,10,3949.6
16772.0,423,3,3698.05
16773.0,57,3,421.24
16774.0,68,8,1567.48
16775.0,10,16,2820.84
16776.0,60,2,592.51
16777.0,80,5,1292.18
16778.0,74,2,245.94
16779.0,2,53,32809.03
16780.0,100,3,596.4
16781.0,372,2,623.0
16782.0,10,38,9636.12
16783.0,437,1,391.95
16784.0,20,5,892.33
16785.0,410,1,533.78
16786.0,394,1,51.84
16787.0,398,4,1017.53
16788.0,123,5,1928.93
16789.0,8,1,80.8
16790.0,4,6,1545.62
16791.0,29,15,3957.63
16792.0,282,5,623.46
16793.0,57,1,243.84
16794.0,1,15,2052.7
16795.0,365,3,2062.41
16796.0,89,1,305.62
16797.0,393,5,1802.02
16798.0,554,3,841.16
16799.0,432,2,452.78000000000003
16800.0,11,1,1162.65
16801.0,163,4,1594.23
16802.0,679,2,582.61
16803.0,65,1,332.3
16804.0,23,3,536.99
16805.0,174,5,1091.34
16806.0,103,4,762.16
16807.0,143,6,2123.88
16808.0,99,2,288.42
16809.0,23,9,1727.43
16810.0,192,2,842.04
16811.0,5,2,547.07
16812.0,361,4,2392.0
16813.0,8,10,1652.18
16814.0,14,36,11924.85
16815.0,454,2,406.02
16816.0,103,4,417.06
16817.0,3,13,2560.7
16818.0,11,11,3349.57
16819.0,465,2,182.59
16820.0,96,1,497.61
16821.0,382,1,113.35
16822.0,686,1,181.39
16823.0,227,7,2243.09
16824.0,16,3,686.24
16825.0,39,5,1826.8899999999999
16826.0,51,1,341.7
16827.0,393,5,392.13
16828.0,93,2,128.5
16829.0,157,2,513.32
16830.0,39,4,1207.5
16831.0,565,1,91.8
16832.0,184,5,417.61
16833.0,1,6,2409.04
16834.0,228,2,898.9599999999999
16835.0,128,6,1456.66
16836.0,40,4,782.37
16837.0,31,11,3170.98
16838.0,197,4,1159.61
16839.0,9,44,21758.25
16840.0,603,2,139.85
16841.0,37,12,4006.06
16842.0,101,3,1264.19
16843.0,43,35,19571.43
16844.0,563,2,614.34
16845.0,618,1,253.88
16846.0,50,3,842.41
16847.0,43,2,614.89
16848.0,53,4,1411.62
16849.0,187,1,124.57
16850.0,334,1,332.41
16851.0,4,3,342.45
16852.0,10,2,144.91
16854.0,417,2,1408.96
16855.0,24,2,328.4
16856.0,15,3,358.49
16857.0,443,1,352.8
16858.0,369,10,4292.59
16859.0,145,7,1932.41
16860.0,453,3,1610.62
16861.0,60,5,946.59
16862.0,547,4,662.33
16863.0,31,3,834.27
16864.0,434,2,409.25
16865.0,402,1,130.95
16866.0,141,3,207.74
16867.0,690,1,76.74000000000001
16868.0,394,3,384.56
16869.0,23,4,817.12
16870.0,469,1,450.15999999999997
16871.0,22,6,2812.34
16872.0,77,6,1213.13
16873.0,5,12,14617.39
16874.0,379,1,209.89000000000001
16875.0,67,11,4234.53
16876.0,404,1,136.01
16877.0,12,6,846.62
16878.0,84,1,13.3
16880.0,31,8,1813.21
16881.0,67,1,432.0
16882.0,67,3,705.12
16883.0,187,19,2246.06
16884.0,38,4,1070.97
16885.0,15,4,684.6
16886.0,456,1,134.0
16887.0,35,3,658.17
16888.0,401,3,434.2
16889.0,195,6,2526.65
16890.0,477,3,285.41
16891.0,2,11,1727.94
16892.0,1,7,754.75
16893.0,367,2,249.89000000000001
16894.0,502,3,1306.96
16895.0,65,5,1102.9
16896.0,555,1,103.95
16897.0,299,2,289.78
16898.0,26,5,885.21
16899.0,8,8,1695.77
16900.0,17,3,887.11
16901.0,729,1,204.26
16902.0,116,1,1706.88
16903.0,29,3,1041.75
16904.0,4,21,4675.36
16905.0,5,17,4706.77
16906.0,82,7,1410.92
16907.0,29,9,1470.89
16908.0,722,1,252.59
16909.0,72,1,379.14
16910.0,4,8,1508.96
16911.0,636,2,255.25
16912.0,29,15,4460.51
16913.0,290,3,423.91
16914.0,36,1,183.76
16915.0,9,11,1543.18
16916.0,24,4,902.02
16917.0,277,2,1851.88
16918.0,50,16,3206.54
16919.0,156,24,4909.66
16920.0,411,1,355.45
16921.0,61,3,409.21
16922.0,573,1,611.08
16923.0,12,32,13157.130000000001
16924.0,21,3,829.89
16925.0,540,1,125.65
16926.0,371,5,1169.6100000000001
16927.0,116,3,543.05
16928.0,80,29,3897.5299999999997
16929.0,4,7,1295.39
16930.0,26,3,378.89
16931.0,5,23,5032.22
16932.0,53,3,412.55
16933.0,1,9,3099.3
16934.0,55,6,2083.14
16935.0,382,3,530.86
16936.0,26,2,548.29
16937.0,499,1,196.25
16938.0,9,9,6995.360000000001
16939.0,489,3,433.84999999999997
16940.0,52,8,6427.66
16941.0,612,1,33.0
16942.0,13,9,1904.99
16943.0,212,5,1299.49
16944.0,610,1,101.36
16945.0,22,33,8548.16
16946.0,383,5,1222.04
16947.0,236,5,955.21
16948.0,139,7,868.77
16949.0,4,6,1286.27
16950.0,57,10,3541.77
16951.0,135,3,1277.75
16952.0,109,5,795.83
16953.0,30,1,20.8
16954.0,1,20,6081.88
16955.0,185,6,1120.31
16956.0,18,1,308.74
16957.0,239,2,416.64
16958.0,435,1,778.49
16959.0,87,1,117.35000000000001
16960.0,39,8,1990.88
16961.0,116,3,794.56
16962.0,410,1,251.04
16963.0,187,1,110.55000000000001
16964.0,733,2,207.85
16965.0,227,1,201.19
16966.0,8,7,2154.97
16967.0,189,1,319.02
16968.0,4,2,439.43
16969.0,39,3,650.41
16970.0,626,1,71.4
16971.0,38,1,357.21
16972.0,383,2,749.0
16973.0,386,1,127.0
16974.0,523,2,365.5
16975.0,423,3,926.12
16976.0,267,1,251.51999999999998
16977.0,395,4,496.0
16978.0,78,3,768.88
16979.0,4,9,2859.74
16980.0,255,3,1422.83
16982.0,61,1,384.06
16983.0,13,11,3490.53
16984.0,88,9,10350.53
16985.0,17,23,10923.16
16986.0,30,11,4888.75
16987.0,3,11,2521.4
16988.0,5,2,382.67
16989.0,7,6,1133.25
16990.0,219,2,344.0
16991.0,421,1,1041.21
16992.0,11,13,5476.5
16993.0,464,2,1950.9499999999998
16996.0,30,9,2123.61
16997.0,288,3,702.0
16998.0,150,5,402.0
16999.0,23,2,484.82
17000.0,396,2,406.3
17001.0,1,19,6640.8
17002.0,86,7,2571.55
17003.0,402,4,828.21
17004.0,46,4,2324.36
17005.0,471,2,622.36
17006.0,5,8,1635.27
17007.0,51,7,1120.1
17008.0,429,1,81.36
17009.0,551,1,242.06
17010.0,18,1,195.36
17011.0,30,3,671.7
17012.0,725,1,360.61
17014.0,8,3,583.4300000000001
17015.0,29,3,1838.61
17016.0,577,1,552.4
17017.0,3,29,12576.99
17018.0,41,6,2287.7
17019.0,11,11,3602.29
17020.0,542,2,935.62
17021.0,442,6,1182.22
17022.0,31,2,260.0
17023.0,417,3,800.1800000000001
17024.0,45,3,95.85
17025.0,61,5,1349.67
17026.0,185,3,175.83
17027.0,79,9,1310.63
17028.0,581,3,1593.83
17029.0,111,7,2137.3
17030.0,64,1,146.87
17031.0,12,6,2773.85
17032.0,548,8,2984.32
17033.0,86,4,1332.79
17034.0,16,5,1276.42
17035.0,246,4,613.59
17036.0,383,1,176.89999999999998
17037.0,88,1,1267.32
17038.0,30,2,743.17
17039.0,604,1,1954.99
17040.0,138,2,463.25
17041.0,27,6,1655.2
17042.0,3,5,1036.58
17043.0,32,8,2593.65
17044.0,25,12,11962.300000000001
17045.0,113,5,827.6800000000001
17046.0,157,5,1906.07
17047.0,85,6,2289.23
17048.0,118,7,2071.68
17049.0,3,19,9942.53
17050.0,96,11,4648.59
17051.0,194,4,706.49
17052.0,28,1,399.09
17053.0,131,1,498.48
17054.0,28,5,1356.33
17055.0,446,1,232.85000000000002
17056.0,738,1,128.60000000000002
17057.0,596,1,294.74
17058.0,82,3,1179.89
17059.0,30,9,4864.57
17060.0,266,1,234.24
17061.0,74,11,5232.2300000000005
17062.0,314,6,889.75
17063.0,21,13,3638.53
17064.0,59,3,855.45
17065.0,638,2,194.7
17066.0,726,1,228.34
17067.0,725,3,454.54
17068.0,12,47,8987.68
17069.0,28,14,5517.2300000000005
17070.0,114,2,437.42
17071.0,28,13,3793.71
17072.0,625,1,273.35
17073.0,18,4,1446.09
17074.0,563,1,203.05
17075.0,18,10,2236.63
17076.0,36,6,1242.75
17077.0,578,1,306.0
17078.0,36,2,378.2
17079.0,78,1,118.80000000000001
17080.0,22,7,957.53
17081.0,25,6,949.39
17082.0,33,6,4732.03
17083.0,109,9,4049.79
17084.0,35,3,5001.21
17085.0,123,28,7847.67
17086.0,7,6,2050.08
17087.0,738,1,221.53
17088.0,28,4,1991.01
17089.0,386,1,128.45
17090.0,4,13,3080.1800000000003
17091.0,3,19,7495.75
17092.0,50,11,5511.41
17093.0,593,1,235.88
17094.0,322,2,402.20000000000005
17095.0,23,7,2572.25
17096.0,15,11,3697.9300000000003
17097.0,2,9,1143.36
17098.0,382,3,591.07
17099.0,533,1,582.17
17100.0,18,2,971.74
17101.0,10,7,2507.05
17102.0,262,1,25.5
17103.0,722,1,424.3
17104.0,424,1,474.03000000000003
17105.0,159,2,665.78
17106.0,389,1,481.58000000000004
17107.0,33,10,16052.72
17108.0,664,1,174.95
17109.0,29,8,1291.71
17110.0,165,3,499.9
17111.0,47,2,459.58
17112.0,503,1,197.57
17113.0,574,6,2305.59
17114.0,6,8,801.12
17115.0,8,7,2761.4900000000002
17116.0,648,1,389.78
17117.0,288,1,116.19999999999999
17118.0,318,1,157.02
17119.0,3,2,606.91
17120.0,233,1,307.46
17121.0,403,1,314.74
17122.0,119,4,570.5
17123.0,162,3,977.17
17124.0,185,1,294.24
17125.0,50,1,230.5
17126.0,152,9,2016.43
17127.0,429,5,1155.0300000000002
17128.0,335,1,157.09
17129.0,520,1,31.85
17131.0,5,5,2463.17
17132.0,452,2,1220.91
17133.0,16,12,14622.33
17134.0,107,3,625.3
17135.0,16,10,1722.18
17136.0,662,1,231.68
17137.0,416,6,1099.81
17138.0,276,7,4417.27
17139.0,16,25,19566.76
17140.0,247,1,454.12
17141.0,418,4,727.58
17142.0,239,4,1275.25
17143.0,417,2,880.97
17144.0,1,2,984.57
17145.0,513,4,3120.91
17146.0,106,13,5852.64
17147.0,23,9,3199.95
17148.0,52,1,124.88
17149.0,451,1,143.10000000000002
17150.0,377,6,1357.95
17151.0,735,1,231.90000000000003
17152.0,195,4,2016.5
17153.0,24,1,213.78
17154.0,75,1,329.34
17155.0,18,7,892.46
17156.0,492,1,591.87
17157.0,8,19,5151.900000000001
17158.0,32,5,1980.0
17159.0,22,5,2099.59
17160.0,31,17,10209.16
17161.0,444,1,856.01
17162.0,29,10,1715.46
17163.0,22,4,699.78
17164.0,33,7,2467.35
17165.0,284,6,1794.32
17166.0,39,2,206.34
17167.0,380,3,867.11
17168.0,499,1,400.2
17169.0,58,3,1156.73
17170.0,374,2,178.68
17171.0,289,2,384.59
17172.0,79,3,956.5699999999999
17173.0,5,8,3766.6
17174.0,218,1,59.9
17175.0,44,4,1443.69
17176.0,202,3,902.3199999999999
17177.0,505,1,119.5
17178.0,731,1,432.96000000000004
17179.0,178,6,1507.26
17180.0,56,11,2236.77
17181.0,57,3,309.85
17182.0,423,2,321.3
17183.0,8,6,3347.31
17184.0,569,2,198.41000000000003
17185.0,592,3,229.46
17186.0,47,2,144.0
17187.0,227,2,467.71
17188.0,11,13,4592.93
17189.0,106,5,953.63
17190.0,59,7,1726.57
17191.0,28,15,4310.34
17192.0,536,1,75.28
17193.0,36,9,2310.04
17194.0,274,3,812.5
17195.0,655,1,562.98
17196.0,428,1,327.75
17197.0,30,1,1013.01
17198.0,24,3,692.22
17199.0,582,1,135.04000000000002
17200.0,387,4,356.71
17201.0,54,4,1143.1
17202.0,421,1,160.65
17203.0,36,10,5564.09
17204.0,175,9,5504.6900000000005
17205.0,54,3,999.35
17206.0,53,1,204.24
17207.0,652,1,292.62
17208.0,396,1,111.15
17209.0,649,3,595.7
17210.0,393,1,251.72
17211.0,27,13,3773.35
17212.0,253,3,794.41
17213.0,40,13,4869.400000000001
17214.0,60,6,1059.1200000000001
17215.0,464,1,186.15
17216.0,554,1,63.6
17217.0,234,2,210.1
17218.0,4,18,3891.39
17219.0,32,2,259.13
17220.0,24,21,4457.31
17221.0,7,5,976.62
17222.0,65,6,1579.51
17223.0,310,3,558.04
17224.0,501,1,100.86000000000001
17225.0,582,1,131.15
17226.0,309,3,895.47
17227.0,19,12,1878.93
17228.0,16,13,2820.03
17229.0,96,2,318.76
17230.0,264,18,9388.49
17231.0,12,25,7064.8
17232.0,3,2,417.77
17233.0,35,3,560.86
17234.0,183,1,149.89
17235.0,25,8,1562.98
17236.0,13,12,1929.26
17237.0,11,4,994.13
17238.0,3,32,7331.67
17239.0,313,4,1189.45
17240.0,596,1,130.6
17241.0,385,12,2736.64
17242.0,108,5,2889.2799999999997
17243.0,1,69,20203.58
17244.0,53,5,1826.04
17245.0,205,2,371.63
17246.0,547,2,38.92
17247.0,15,1,280.09000000000003
17248.0,120,2,500.54
17249.0,429,1,68.03
17250.0,4,2,381.97
17251.0,363,3,798.98
17252.0,117,2,348.90999999999997
17253.0,18,1,178.26
17254.0,5,3,469.48
17255.0,41,4,781.7
17256.0,107,5,498.93
17257.0,436,2,189.78
17258.0,397,2,417.3
17259.0,148,6,1452.39
17260.0,411,1,120.95
17261.0,510,1,221.59
17262.0,52,11,2488.76
17263.0,208,1,63.440000000000005
17264.0,424,1,268.28
17265.0,139,2,550.01
17266.0,2,5,501.72
17267.0,127,2,317.2
17268.0,108,11,1733.8899999999999
17269.0,386,1,491.81
17270.0,469,2,601.45
17271.0,736,1,204.3
17272.0,42,4,2148.63
17273.0,424,1,141.12
17274.0,35,2,573.22
17275.0,383,1,114.1
17276.0,402,1,502.49
17277.0,228,2,1065.3500000000001
17278.0,241,2,271.24
17279.0,58,1,187.82999999999998
17280.0,438,1,118.86
17281.0,374,6,797.8499999999999
17282.0,130,5,2308.54
17283.0,379,1,188.46
17284.0,60,8,2788.06
17285.0,628,2,407.94
17286.0,22,3,389.18
17287.0,26,21,3826.86
17288.0,9,11,2468.43
17289.0,32,9,2041.8
17290.0,4,8,1487.96
17291.0,308,1,550.8000000000001
17292.0,472,2,271.75
17293.0,8,17,3750.63
17294.0,669,2,467.79
17295.0,29,3,547.0
17296.0,730,1,338.13
17297.0,17,1,128.18
17298.0,101,5,954.26
17299.0,12,6,993.23
17300.0,391,2,393.64
17301.0,21,2,294.39
17302.0,15,5,1135.63
17303.0,361,1,250.04
17304.0,534,1,111.5
17305.0,649,1,2135.46
17306.0,11,21,9782.35
17307.0,395,11,3999.8900000000003
17308.0,393,2,4511.76
17309.0,95,3,320.39
17310.0,387,2,1025.1
17311.0,78,6,3566.56
17312.0,139,3,644.3
17313.0,31,1,2328.84
17314.0,25,17,4904.43
17315.0,2,43,9599.58
17316.0,420,1,124.45
17317.0,46,3,2600.34
17318.0,725,1,157.32999999999998
17319.0,669,1,29.099999999999998
17320.0,100,6,2444.85
17321.0,8,6,1665.21
17322.0,376,5,922.59
17323.0,15,12,1551.04
17324.0,18,12,2171.07
17325.0,280,3,609.5699999999999
17326.0,408,2,312.35
17327.0,410,2,152.35
17328.0,673,1,104.7
17329.0,14,5,998.53
17330.0,23,4,423.8
17331.0,124,1,175.2
17332.0,528,5,838.27
17333.0,86,1,494.25
17334.0,302,3,635.15
17335.0,384,2,497.04
17336.0,472,1,81.12
17337.0,151,4,1981.06
17338.0,17,17,11889.33
17339.0,94,3,302.36
17340.0,30,18,19617.95
17341.0,157,5,1272.21
17342.0,380,4,1227.54
17343.0,355,6,1259.94
17344.0,46,2,457.36
17345.0,15,10,1586.63
17346.0,4,26,4998.61
17347.0,86,1,228.96
17348.0,15,9,2442.29
17349.0,179,5,772.41
17350.0,8,7,1893.701
17351.0,36,12,1988.23
17352.0,696,1,36.25
17353.0,129,4,3242.0
17354.0,51,4,3133.96
17355.0,386,1,273.31
17356.0,312,5,946.47
17357.0,24,2,384.39
17358.0,303,5,861.01
17359.0,11,2,284.46
17360.0,17,6,1200.51
17361.0,49,5,871.7900000000001
17362.0,239,7,1024.04
17363.0,395,3,920.46
17364.0,1,28,11972.92
17365.0,13,15,8184.49
17366.0,432,2,1077.24
17367.0,238,1,167.55
17368.0,23,14,2758.29
17369.0,456,1,979.2
17370.0,73,4,446.18
17371.0,17,6,655.37
17372.0,41,28,4347.31
17373.0,40,7,1167.5
17374.0,219,3,727.11
17375.0,199,4,660.55
17376.0,71,4,453.64
17377.0,24,78,17644.27
17378.0,374,1,10.95
17379.0,11,1,389.71999999999997
17380.0,434,3,645.0
17381.0,9,38,36398.65
17382.0,65,8,902.28
17383.0,4,2,304.09000000000003
17384.0,19,3,507.55
17385.0,15,1,256.11
17386.0,8,7,2812.77
17387.0,20,2,746.81
17388.0,78,11,2675.37
17389.0,1,61,57215.33
17390.0,421,1,149.3
17391.0,164,2,508.8
17392.0,307,3,585.92
17393.0,411,2,381.15000000000003
17394.0,219,1,203.86999999999998
17395.0,508,1,97.5
17396.0,39,14,8409.6
17397.0,22,3,1198.28
17398.0,115,3,653.38
17400.0,126,8,4623.28
17401.0,541,1,114.85
17402.0,5,23,4635.5599999999995
17403.0,36,2,382.87
17404.0,4,23,47781.12
17405.0,1,3,1031.41
17406.0,333,13,4186.95
17407.0,412,1,552.9
17408.0,163,3,316.09000000000003
17409.0,185,10,7793.51
17410.0,16,5,1214.72
17411.0,12,5,1425.38
17412.0,3,16,4220.22
17413.0,405,2,560.14
17414.0,44,6,2249.52
17415.0,80,1,507.84
17416.0,30,22,17298.45
17417.0,549,1,164.18
17418.0,42,3,670.0600000000001
17419.0,11,18,6126.25
17420.0,50,6,953.58
17421.0,386,3,1059.41
17422.0,16,11,3594.76
17423.0,46,3,1118.95
17425.0,19,2,759.17
17426.0,8,13,8077.77
17427.0,72,1,100.8
17428.0,1,45,31466.760000000002
17429.0,128,5,1357.46
17430.0,33,4,622.57
17431.0,313,1,403.3
17432.0,18,9,1728.99
17433.0,88,2,569.96
17434.0,2,7,2373.82
17435.0,411,1,331.35
17436.0,2,5,534.0600000000001
17437.0,530,1,369.68
17438.0,254,5,1422.77
17439.0,656,1,325.74
17440.0,157,4,323.58
17441.0,732,1,293.35
17442.0,37,15,4620.3
17443.0,220,1,534.24
17444.0,148,3,2940.04
17446.0,177,2,120.89999999999999
17447.0,40,2,541.53
17448.0,497,46,14523.67
17449.0,2,13,4868.15
17450.0,8,51,244784.25
17451.0,1,7,1721.4
17453.0,18,2,486.71999999999997
17454.0,192,10,1547.94
17455.0,204,1,131.7
17456.0,365,2,975.5600000000001
17457.0,127,14,5984.81
17458.0,15,2,529.58
17459.0,43,2,657.3
17460.0,94,16,2157.9700000000003
17461.0,23,3,735.82
17462.0,60,2,675.69
17463.0,16,7,2535.26
17464.0,158,3,907.1400000000001
17465.0,426,7,2542.79
17466.0,10,2,763.28
17467.0,395,1,102.6
17468.0,10,3,194.8
17469.0,16,17,5051.25
17470.0,45,11,2626.47
17471.0,475,1,321.65000000000003
17472.0,191,4,922.35
17473.0,409,2,607.0
17474.0,600,1,1047.0
17475.0,79,1,194.37
17476.0,396,2,489.86
17477.0,613,2,1144.3
17478.0,408,2,1272.8000000000002
17479.0,633,1,389.26
17480.0,78,2,882.23
17481.0,4,4,1255.59
17482.0,487,2,775.64
17483.0,65,4,591.73
17484.0,576,2,209.57
17486.0,261,1,396.87
17487.0,728,1,160.55
17488.0,641,1,336.5
17489.0,59,2,376.64
17490.0,1,9,2750.5
17491.0,1,17,5653.67
17492.0,248,3,1122.42
17493.0,385,1,100.91
17494.0,502,1,54.699999999999996
17495.0,8,3,806.72
17496.0,359,4,1412.89
17497.0,390,2,287.25
17498.0,76,1,272.21999999999997
17499.0,290,2,1341.3899999999999
17500.0,17,3,1138.0
17501.0,221,2,288.6
17502.0,9,4,689.1
17503.0,3,2,558.96
17504.0,206,18,9490.17
17505.0,162,5,2435.48
17506.0,76,1,302.2
17507.0,262,2,605.58
17508.0,281,8,4579.23
17509.0,58,8,6083.64
17510.0,25,2,514.56
17511.0,3,60,172132.87
17512.0,29,18,5467.820000000001
17513.0,72,3,1158.8
17514.0,128,2,522.0
17515.0,31,9,1602.51
17516.0,15,6,947.5
17517.0,309,1,153.94
17518.0,426,2,329.42
17519.0,17,15,4774.17
17520.0,54,1,546.81
17521.0,30,5,1278.06
17522.0,2,5,1070.71
17523.0,11,4,652.74
17524.0,361,3,539.14
17525.0,360,3,1161.9
17526.0,5,12,3939.24
17527.0,54,4,939.37
17528.0,1,8,3628.5
17529.0,610,2,1240.25
17530.0,1,12,2791.69
17531.0,190,3,1266.82
17532.0,386,1,65.34
17533.0,435,1,34.8
17534.0,54,5,1668.83
17535.0,280,1,164.4
17536.0,177,3,364.83
17537.0,30,2,887.67
17538.0,26,1,98.42
17539.0,618,4,1176.84
17540.0,25,6,1590.6000000000001
17541.0,510,1,119.86
17542.0,270,3,340.85
17543.0,550,1,120.05
17544.0,390,3,944.82
17545.0,43,6,1409.86
17547.0,376,2,727.85
17548.0,234,4,731.26
17549.0,24,2,148.86
17550.0,197,9,2506.64
17551.0,359,1,290.34
17552.0,60,12,2786.77
17553.0,130,4,3757.6
17554.0,1,5,1952.45
17555.0,20,5,1045.74
17556.0,206,2,300.67
17557.0,14,4,575.46
17558.0,393,1,259.17
17559.0,513,1,167.62
17560.0,95,8,1895.8
17561.0,19,4,703.02
17562.0,14,7,1122.38
17563.0,578,2,392.38
17564.0,24,3,454.01
17565.0,587,1,131.83
17566.0,8,2,869.77
17567.0,7,9,4838.08
17568.0,633,1,374.45
17569.0,332,1,344.14
17570.0,382,1,100.0
17571.0,50,5,1630.91
17572.0,71,10,652.21
17573.0,29,3,380.6
17574.0,243,1,185.65
17575.0,667,1,171.7
17576.0,8,41,8711.95
17577.0,645,2,348.75
17578.0,218,7,1047.33
17579.0,5,4,753.28
17580.0,253,5,541.02
17581.0,1,43,17951.17
17582.0,236,5,1446.95
17583.0,560,1,135.95
17584.0,7,6,5309.42
17585.0,109,7,2064.71
17586.0,619,1,167.4
17587.0,628,1,176.71
17588.0,100,7,2939.55
17589.0,60,18,13837.94
17590.0,2,3,1468.02
17591.0,73,8,2339.32
17592.0,739,1,148.3
17593.0,4,11,8092.32
17594.0,85,4,2497.88
17595.0,12,2,386.69
17596.0,23,13,4491.46
17597.0,214,5,3484.09
17598.0,381,1,409.98
17599.0,478,1,52.05
17600.0,18,1,161.67000000000002
17601.0,239,2,413.08
17602.0,2,14,7354.43
17603.0,78,4,1788.38
17604.0,217,6,942.38
17605.0,590,1,160.75
17606.0,737,1,87.30000000000001
17607.0,376,1,333.81
17608.0,33,4,488.06
17609.0,41,11,1887.8999999999999
17610.0,540,5,1511.94
17611.0,7,28,8337.53
17612.0,53,18,5394.86
17613.0,23,14,4544.55
17614.0,57,1,386.32
17615.0,130,6,721.8
17616.0,174,4,734.4
17617.0,559,1,385.19
17618.0,6,11,4001.64
17619.0,312,1,214.37
17620.0,60,1,81.44
17621.0,21,6,3175.12
17622.0,598,2,1130.21
17623.0,33,7,2365.77
17624.0,15,4,1568.63
17625.0,18,8,5978.9
17626.0,603,1,254.0
17627.0,479,1,296.36
17628.0,81,1,75.75
17629.0,6,10,2455.52
17630.0,170,2,503.59999999999997
17631.0,2,7,998.49
17633.0,31,7,2057.39
17634.0,36,9,2358.59
17635.0,424,3,1265.58
17636.0,19,1,285.56
17637.0,31,2,547.0600000000001
17638.0,647,2,842.4
17639.0,276,6,615.17
17640.0,87,6,3168.94
17642.0,120,5,1824.49
17643.0,373,2,439.7
17644.0,1,20,6028.6
17646.0,219,12,3898.79
17647.0,65,3,331.65999999999997
17648.0,61,5,2216.37
17649.0,138,3,1578.89
17650.0,21,1,166.07999999999998
17651.0,12,16,5703.5199999999995
17652.0,25,12,4867.72
17653.0,37,4,1207.56
17654.0,277,1,117.55
17655.0,11,9,2976.38
17656.0,73,5,1674.69
17657.0,430,1,126.0
17658.0,26,2,595.42
17659.0,17,14,3586.9900000000002
17660.0,141,2,342.22
17662.0,662,2,412.92
17663.0,26,17,5175.83
17664.0,19,4,1166.23
17665.0,493,1,563.1
17666.0,4,5,2047.8
17667.0,66,9,3950.7
17668.0,1,2,347.75
17669.0,43,10,6142.35
17670.0,228,1,205.7
17671.0,16,5,2009.16
17672.0,50,7,5778.63
17673.0,2,13,4173.88
17674.0,74,2,551.04
17675.0,1,70,37642.48
17676.0,4,10,2448.64
17677.0,2,54,35058.46
17678.0,264,2,599.76
17679.0,53,7,3577.61
17680.0,24,3,497.45
17681.0,597,5,731.2
17682.0,10,11,4065.28
17683.0,386,3,819.01
17684.0,44,1,239.41
17685.0,17,12,5454.95
17686.0,7,9,8296.81
17687.0,421,1,432.68
17688.0,394,1,304.2
17689.0,388,2,317.08
17690.0,30,20,6963.8
17691.0,358,4,637.55
17692.0,127,12,2975.8
17693.0,137,1,200.47
17694.0,142,3,1695.97
17695.0,132,5,1746.04
17696.0,38,27,7679.59
17697.0,236,1,338.95
17698.0,261,1,154.95
17699.0,477,2,442.0
17700.0,17,14,6679.97
17701.0,253,1,417.95
17702.0,30,6,3144.04
17703.0,35,4,1094.84
17704.0,169,2,885.19
17705.0,3,11,2083.9
17706.0,4,31,20272.15
17707.0,185,8,609.3
17708.0,188,4,884.1800000000001
17709.0,170,5,671.01
17710.0,424,1,293.5
17711.0,11,2,385.1
17712.0,45,1,522.91
17713.0,382,4,1198.09
17714.0,321,5,1410.18
17715.0,201,2,489.59999999999997
17716.0,23,24,15956.97
17717.0,421,1,376.92
17718.0,232,2,439.18
17719.0,38,15,5396.04
17720.0,26,10,2666.91
17721.0,659,1,307.21000000000004
17722.0,96,5,3520.2200000000003
17723.0,127,7,3378.4000000000005
17724.0,71,3,1033.0
17725.0,16,11,3439.08
17726.0,395,7,1092.06
17727.0,15,1,1060.25
17728.0,4,5,4238.76
17729.0,596,1,438.65000000000003
17730.0,3,20,7773.8
17731.0,79,6,1708.99
17732.0,373,8,2166.42
17733.0,39,2,692.19
17734.0,54,6,1442.32
17735.0,2,26,16790.33
17736.0,9,3,377.44
17737.0,9,2,168.24
17738.0,19,13,4183.56
17739.0,12,18,7730.59
17740.0,389,6,426.90000000000003
17741.0,407,2,101.1
17742.0,113,11,2098.48
17743.0,448,1,229.2
17744.0,4,7,2649.14
17745.0,478,2,600.34
17746.0,240,4,904.1800000000001
17747.0,113,1,71.4
17748.0,527,1,358.15
17749.0,178,3,1026.18
17750.0,5,9,1710.45
17751.0,421,1,157.85999999999999
17752.0,359,1,80.64
17753.0,464,4,382.06
17754.0,1,13,4451.22
17756.0,376,3,728.75
17757.0,1,56,9074.05
17758.0,19,12,4964.03
17759.0,17,5,1261.88
17760.0,22,6,746.39
17761.0,33,1,712.78
17762.0,456,1,129.75
17763.0,263,4,86.15
17764.0,51,5,1513.57
17765.0,159,4,524.0
17766.0,381,2,299.61
17767.0,15,2,413.05
17768.0,8,7,3292.73
17769.0,13,17,7053.38
17770.0,199,5,1143.27
17771.0,57,4,387.41
17772.0,11,3,360.75
17773.0,514,2,575.37
17774.0,97,9,3273.83
17775.0,255,1,56.4
17776.0,387,2,330.56
17777.0,25,3,647.56
17778.0,662,1,197.70000000000002
17779.0,21,3,650.32
17780.0,667,3,346.56
17781.0,159,2,188.02
17782.0,383,2,679.02
17783.0,72,3,376.96
17784.0,550,1,112.86
17785.0,53,3,403.38
17786.0,85,2,266.85
17787.0,153,4,1817.54
17788.0,74,2,1117.9
17789.0,281,2,397.15
17790.0,27,20,2779.41
17791.0,30,1,106.1
17792.0,467,2,368.35
17793.0,25,1,300.34
17794.0,687,2,147.3
17795.0,180,2,342.83
17796.0,40,7,1236.39
17797.0,22,8,1971.8700000000001
17798.0,582,1,178.07
17799.0,22,20,6246.93
17800.0,37,9,1187.21
17801.0,451,3,770.03
17802.0,82,10,4946.22
17803.0,392,1,184.66
17804.0,376,3,383.78000000000003
17805.0,74,2,927.03
17806.0,11,1,546.04
17807.0,395,3,437.87
17808.0,549,4,262.64
17809.0,16,20,10085.89
17810.0,669,2,373.16
17811.0,4,47,9519.8
17812.0,13,7,911.99
17813.0,14,5,1698.07
17814.0,375,2,1609.37
17815.0,393,1,591.96
17816.0,37,6,96.11
17817.0,4,6,788.15
17818.0,738,1,124.78
17819.0,72,12,6021.05
17820.0,374,1,180.60999999999999
17821.0,406,1,334.62
17822.0,420,5,2162.93
17823.0,421,2,449.25
17824.0,51,1,298.4
17825.0,599,4,701.96
17826.0,374,1,133.34
17827.0,5,6,2376.17
17828.0,23,4,1820.09
17829.0,299,5,4756.74
17830.0,2,3,398.7
17831.0,33,1,35.400000000000006
17832.0,50,1,155.37
17833.0,723,1,338.46000000000004
17834.0,415,2,689.6700000000001
17835.0,3,3,342.24
17836.0,47,1,110.21000000000001
17837.0,42,8,1541.23
17838.0,27,13,5604.64
17839.0,42,1,318.15
17840.0,444,1,175.9
17841.0,2,211,68545.25
17842.0,602,1,430.69
17843.0,303,2,320.4
17844.0,107,1,51.559999999999995
17845.0,555,4,596.09
17846.0,85,1,2033.1
17847.0,516,2,129.69
17848.0,81,30,3559.11
17849.0,218,8,1063.76
17850.0,372,155,51208.87
17851.0,422,6,1552.35
17852.0,12,5,657.8100000000001
17853.0,407,3,1596.29
17854.0,185,6,1068.5
17855.0,373,1,208.97
17856.0,2,4,1418.03
17857.0,4,24,27347.04
17858.0,6,30,12518.65
17859.0,305,1,141.92
17860.0,369,4,717.39
17861.0,3,18,5088.29
17862.0,324,4,1254.89
17863.0,59,12,5360.48
17864.0,13,5,876.57
17865.0,31,46,26312.190000000002
17866.0,143,3,1134.95
17867.0,30,15,1582.0500000000002
17868.0,386,1,227.15
17869.0,107,7,813.64
17870.0,2,13,2753.29
17871.0,205,5,1068.95
17872.0,382,1,235.87
17873.0,80,18,6265.33
17874.0,185,6,683.46
17875.0,688,1,167.1
17876.0,400,3,3424.02
17877.0,170,1,237.61
17878.0,44,3,1378.93
17879.0,174,1,178.52
17880.0,365,3,824.9200000000001
17881.0,304,1,133.35
17882.0,379,2,291.56
17883.0,3,7,988.42
17884.0,4,20,2698.47
17885.0,12,1,156.34
17886.0,32,6,1572.55
17887.0,129,1,111.35
17888.0,21,25,1807.44
17889.0,212,7,746.42
17890.0,323,2,586.89
17891.0,162,1,203.85999999999999
17892.0,56,3,244.1
17893.0,225,1,107.21
17894.0,72,18,2304.58
17895.0,44,1,95.45
17896.0,23,1,256.32
17897.0,173,9,2099.89
17898.0,85,4,299.18
17899.0,159,1,154.55
17900.0,190,2,112.19999999999999
17901.0,29,3,260.08
17902.0,547,1,216.39999999999998
17903.0,394,1,381.09000000000003
17904.0,21,1,181.07
17905.0,71,13,2178.87
17906.0,247,1,72.9
17907.0,641,1,291.76
17908.0,374,5,1142.47
17909.0,737,1,110.05
17910.0,726,1,261.7
17911.0,9,1,366.23
17912.0,310,6,374.55
17913.0,59,14,3429.29
17914.0,4,1,329.36
17915.0,551,1,225.78
17916.0,629,2,43.87
17917.0,45,3,335.03
17918.0,501,3,396.39
17919.0,88,2,1840.3200000000002
17920.0,4,54,23581.78
17921.0,64,10,2394.36
17922.0,543,1,170.4
17923.0,282,3,497.0
17924.0,12,8,3257.7000000000003
17925.0,373,1,244.08
17926.0,133,5,1035.49
17927.0,722,1,294.0
17928.0,45,3,341.24
17929.0,11,12,3082.1
17930.0,36,13,4275.22
17931.0,134,14,3402.2400000000002
17932.0,29,3,1331.57
17933.0,632,1,114.69
17934.0,52,3,1049.15
17935.0,138,7,686.14
17936.0,5,1,380.13
17937.0,9,7,4301.22
17938.0,420,1,144.29
17939.0,160,1,99.14
17940.0,49,16,30306.79
17941.0,131,4,1433.28
17942.0,8,1,77.50000000000001
17944.0,423,1,74.99
17945.0,697,3,360.35
17946.0,233,2,149.57999999999998
17947.0,37,1,176.68
17948.0,147,1,358.56000000000006
17949.0,1,118,117314.08
17950.0,72,7,1166.29
17951.0,40,4,1340.5800000000002
17952.0,378,4,788.46
17953.0,540,1,159.17000000000002
17954.0,5,19,3804.38
17955.0,199,6,949.9
17956.0,249,1,12.75
17957.0,66,1,111.68
17958.0,117,2,973.8799999999999
17959.0,592,1,140.75
17960.0,171,3,135.08
17961.0,21,100,2866.7400000000002
17962.0,142,4,666.96
17963.0,471,4,643.16
17964.0,32,2,463.21
17965.0,38,29,7006.65
17966.0,38,10,1963.92
17967.0,372,2,223.42
17968.0,374,4,590.44
17969.0,166,20,2354.29
17970.0,211,1,562.79
17971.0,548,1,161.94
17972.0,242,1,135.19
17973.0,52,1,337.04
17974.0,25,6,1739.09
17975.0,15,24,6696.33
17976.0,372,1,321.79
17977.0,29,2,1511.45
17978.0,365,4,1159.99
17979.0,36,4,732.41
17980.0,166,4,1012.72
17981.0,411,1,239.12
17982.0,681,1,138.18
17983.0,395,1,171.71
17984.0,145,5,1152.19
17985.0,22,1,631.35
17986.0,56,1,20.8
17987.0,185,5,965.4399999999999
17988.0,12,14,489.54
17989.0,379,1,207.32999999999998
17990.0,237,6,1527.6100000000001
17991.0,225,3,300.3
17992.0,389,1,252.88
17993.0,617,1,225.99
17994.0,122,11,2270.0299999999997
17995.0,282,3,495.48
17996.0,380,3,482.33
17997.0,74,8,1962.46
17998.0,380,3,639.24
17999.0,37,3,528.46
18000.0,564,1,124.25
18001.0,12,6,924.14
18002.0,376,4,244.37
18003.0,376,1,353.51
18004.0,362,1,157.92
18005.0,4,2,226.47
18006.0,23,4,969.51
18007.0,393,1,215.22
18008.0,70,23,19759.079999999998
18009.0,235,8,2144.23
18010.0,257,1,174.8
18011.0,373,2,410.79
18012.0,723,1,115.3
18013.0,155,2,187.29
18014.0,28,1,162.22
18015.0,4,1,120.03
18016.0,32,7,1954.56
18017.0,81,4,688.0
18018.0,108,4,297.99
18019.0,52,1,38.45
18020.0,544,1,190.48000000000002
18021.0,510,2,216.41
18022.0,36,5,1507.25
18024.0,153,2,389.78
18025.0,380,6,1177.72
18026.0,501,2,2074.07
18027.0,99,1,115.31
18028.0,583,1,192.05
18029.0,642,1,433.77
18030.0,4,2,230.64999999999998
18031.0,379,1,451.3
18032.0,334,1,73.5
18033.0,65,1,93.82000000000001
18034.0,22,3,754.2
18035.0,36,5,1260.23
18036.0,32,11,1545.49
18037.0,154,15,167.42
18038.0,556,1,141.48
18039.0,374,4,548.22
18040.0,19,2,357.20000000000005
18041.0,12,38,8018.7699999999995
18042.0,54,2,281.15
18043.0,25,3,529.29
18044.0,4,18,3505.61
18045.0,45,1,178.34
18046.0,650,1,189.63
18047.0,381,2,326.09
18048.0,203,3,394.93
18049.0,437,2,500.92
18050.0,359,2,412.06
18051.0,634,7,2282.28
18052.0,565,1,10877.18
18053.0,71,3,571.07
18054.0,393,1,176.5
18055.0,7,14,10142.64
18056.0,288,2,554.6
18057.0,393,3,1188.46
18058.0,10,3,774.06
18059.0,23,3,306.46
18060.0,408,2,1185.46
18061.0,22,28,6083.81
18062.0,173,6,1632.67
18063.0,391,2,186.60000000000002
18064.0,133,11,4481.83
18065.0,6,29,5866.63
18066.0,75,3,1440.4
18067.0,40,1,396.33
18068.0,289,1,101.7
18069.0,26,11,4464.92
18070.0,669,1,314.1
18071.0,258,6,1169.68
18072.0,186,1,247.44
18073.0,114,12,3859.82
18074.0,374,2,1019.44
18075.0,23,20,5783.29
18076.0,380,1,151.49
18077.0,8,18,4078.79
18078.0,217,4,725.53
18079.0,45,5,4203.93
18080.0,19,2,1231.5
18081.0,36,3,343.45
18082.0,26,1,680.84
18083.0,398,1,463.53
18084.0,16,3,795.2299999999999
18085.0,330,4,1341.8500000000001
18086.0,274,1,101.34
18087.0,98,17,14761.52
18088.0,61,1,166.03
18089.0,447,1,428.45
18090.0,422,1,321.9
18091.0,593,1,360.85
18092.0,2,18,14693.72
18093.0,93,8,4452.71
18094.0,82,13,6391.52
18095.0,313,5,2303.09
18096.0,12,6,1657.87
18097.0,8,11,4627.92
18098.0,396,1,527.94
18099.0,127,1,168.31
18100.0,550,1,451.56
18101.0,11,5,622.01
18102.0,1,145,580987.04
18103.0,549,1,105.8
18104.0,37,1,754.64
18105.0,38,1,113.48000000000002
18106.0,330,6,1441.06
18107.0,442,1,165.88
18108.0,254,3,848.8100000000001
18109.0,2,38,9555.71
18110.0,20,2,392.28000000000003
18111.0,589,1,405.85
18112.0,12,4,773.36
18113.0,369,1,76.32000000000001
18114.0,290,1,220.1
18115.0,698,1,9.700000000000001
18116.0,68,13,2134.4900000000002
18117.0,26,1,315.65
18118.0,11,29,6221.02
18119.0,368,1,180.7
18120.0,214,1,111.15
18121.0,149,2,653.3
18122.0,8,6,1793.06
18123.0,24,3,666.64
18124.0,472,1,102.65
18125.0,30,4,1131.75
18126.0,61,1,200.92000000000002
18127.0,19,4,556.13
18128.0,537,1,399.29
18129.0,243,1,112.55000000000001
18130.0,15,3,1059.39
18131.0,632,1,222.95999999999998
18132.0,504,1,220.13
18133.0,212,1,931.5
18134.0,598,2,445.0
18135.0,29,10,1249.6200000000001
18136.0,63,5,1631.3600000000001
18137.0,551,2,145.99
18138.0,295,1,152.65
18139.0,18,6,8438.34
18140.0,474,1,536.41
18141.0,402,2,882.47
18142.0,157,2,1019.52
18143.0,117,2,1000.16
18144.0,8,19,4892.95
18145.0,13,11,5609.74
18146.0,141,2,160.35
18147.0,46,2,179.34
18148.0,647,1,112.85000000000001
18149.0,51,7,1553.96
18150.0,32,3,566.58
18151.0,135,6,1879.44
18152.0,646,1,426.69
18153.0,659,1,246.22
18154.0,3,5,932.6
18155.0,75,3,371.62
18156.0,13,2,675.64
18157.0,571,1,213.9
18158.0,9,2,453.4
18159.0,301,1,530.15
18160.0,57,3,1003.88
18161.0,15,6,1803.1000000000001
18162.0,732,1,371.51
18163.0,584,1,728.84
18164.0,37,1,399.65
18165.0,177,1,302.46
18166.0,624,1,175.5
18167.0,23,3,1384.8600000000001
18168.0,176,16,3435.5
18169.0,61,1,202.65
18170.0,33,9,2878.0
18171.0,59,9,2437.31
18172.0,15,52,17467.24
18173.0,87,5,2696.36
18174.0,7,2,162.5
18175.0,676,1,176.1
18176.0,358,1,476.35
18177.0,31,9,2216.32
18178.0,129,11,6103.74
18179.0,9,8,2547.55
18180.0,5,6,1843.75
18181.0,24,5,1188.34
18182.0,463,1,291.13
18183.0,227,2,632.07
18184.0,15,1,49.8
18185.0,249,1,304.25
18186.0,723,1,329.58000000000004
18187.0,632,1,724.89
18188.0,15,6,3280.59
18189.0,78,3,1403.73
18190.0,192,5,745.62
18191.0,262,2,529.4
18192.0,72,1,957.97
18193.0,165,3,1207.35
18194.0,82,6,4162.04
18195.0,387,1,101.16
18196.0,95,4,1457.19
18197.0,576,1,230.1
18198.0,4,17,5425.56
18199.0,684,1,344.75
18200.0,106,1,150.35
18201.0,723,1,447.53000000000003
18202.0,200,3,1396.99
18203.0,157,4,492.52
18204.0,71,3,1975.35
18205.0,36,2,517.36
18206.0,553,1,314.65999999999997
18207.0,499,1,544.47
18208.0,566,1,360.08
18209.0,29,1,139.10000000000002
18210.0,2,7,2768.83
18211.0,26,5,600.07
18212.0,326,2,514.37
18213.0,237,1,232.48000000000002
18214.0,531,4,1780.34
18215.0,89,5,2232.4900000000002
18216.0,31,1,481.75
18217.0,29,4,945.04
18218.0,211,4,1121.84
18219.0,3,17,3352.7000000000003
18220.0,227,6,1921.76
18221.0,22,6,1424.94
18222.0,93,1,443.0
18223.0,5,26,14000.85
18224.0,264,1,158.95000000000002
18225.0,3,26,13014.8
18226.0,44,26,11878.88
18227.0,218,2,388.75
18228.0,57,2,779.9
18229.0,12,28,10150.51
18230.0,9,9,4291.06
18231.0,192,28,6854.17
18232.0,82,4,592.97
18233.0,326,1,440.0
18234.0,552,1,179.6
18235.0,72,3,1796.48
18236.0,30,12,1795.3500000000001
18237.0,3,5,987.1
18238.0,515,1,270.92
18239.0,219,6,1712.26
18240.0,46,1,422.58
18241.0,10,21,2986.9900000000002
18242.0,72,8,3605.21
18243.0,414,1,515.78
18244.0,431,2,568.64
18245.0,7,20,6324.9800000000005
18246.0,24,3,758.8199999999999
18247.0,415,3,839.73
18248.0,123,2,804.02
18249.0,17,1,95.34
18250.0,310,1,349.27
18251.0,87,9,26278.86
18252.0,51,7,1533.69
18253.0,643,1,317.88
18254.0,581,1,267.9
18255.0,89,2,303.15
18256.0,388,1,110.69999999999999
18257.0,39,12,4600.15
18258.0,464,6,2059.67
18259.0,25,7,3941.9
18260.0,173,23,9947.26
18261.0,43,2,324.24
18262.0,140,3,577.54
18263.0,26,3,1213.16
18264.0,499,1,603.25
18265.0,72,2,801.51
18266.0,434,1,251.1
18267.0,673,1,269.37
18268.0,134,6,1490.23
18269.0,366,1,168.6
18270.0,38,3,444.55
18271.0,610,2,680.85
18272.0,3,9,4385.9800000000005
18273.0,2,4,357.0
18274.0,30,1,175.92
18275.0,578,2,741.85
18276.0,44,6,1656.52
18277.0,58,5,1180.05
18278.0,74,2,414.20000000000005
18279.0,519,1,231.34
18280.0,278,2,488.15000000000003
18281.0,181,2,201.14
18282.0,8,2,178.05
18283.0,4,22,2664.9
18284.0,432,1,461.68
18285.0,661,1,427.0
18286.0,477,2,1296.43
18287.0,43,7,4182.99
